akod,agazat,e0109_03,field_id,rnb,area,e0700_04,yield,termes_meny,total_income,total_income,vetomag_ktsg,mutragya_ktsg,novved_ktsg,gep_ktsg,ossz_ktsg,total_cost,profit
02/0037,1312,repce,CF8EK913,28,23.53,3100,3.1,72.9,9601200,7920000,672000,1080000,1480800,860976,6909704,6187109,2691496
04/0105,1111,őszi búza,EC0C4J15,17,41.08,5520,5.5,226.8,10820574,7940818,1097500,1470000,157500,0,9791016,7199042,1029558
04/0152,1113,őszi árpa,E07V7115,1,35,4500,4.5,157.5,3455250,2404500,320000,260400,162000,346793,2049653,2712850,1405597
04/0158,1113,őszi árpa,E0Y99815,6,3.47,3850,3.9,13.4,617662,81072,14367,43321,14548,120351,403095,545427,214567
04/0158,1113,őszi árpa,E27PC215,44,9.83,4050,4.1,39.8,1840642,241596,42813,129096,43353,358649,1201230,1625379,639412
04/0158,1113,őszi árpa,E2J3FU15,50,8.88,4050,4.1,36,1662757,218247,38675,116620,39163,323988,1085139,1468298,577617
04/0158,1113,őszi árpa,E3VWF215,56,17.17,4840,4.8,83.1,3842168,504309,89368,269477,90496,748646,2507455,3392828,1334713
04/0158,1113,őszi árpa,EAQ3FA15,58,2.49,3850,3.9,9.6,443221,58176,10309,31086,10439,86362,289253,391387,153969
04/0205,1311,napraforgó,E03Y7Y15,2,5.4,2915,2.9,15.7,3882743,2809859,183643,310779,243618,557834,2679404,3050363,1203339
04/0205,1113,őszi árpa,E2FR7715,10,3.9,6020,6,23.5,1193643,822115,44046,176193,51899,235775,1176161,874915,17483
04/0205,1311,napraforgó,E4R57Y15,24,9.9,2742,2.7,27.1,6695900,4845681,316697,535947,420126,962000,4620708,5260437,2075191
04/0205,1121,kukorica,E51K7N15,118,20.3,11707,11.7,237.7,18201408,14157198,1606698,1485901,533150,3161021,14327674,13844134,3873733
04/0205,1311,napraforgó,E62R7X15,34,34.86,3581,3.6,124.8,30792008,22283523,1456374,2464628,1932005,4423890,21248957,24190836,9543050
04/0205,1121,kukorica,E6C57M15,35,10.2,8700,8.7,88.7,6796460,5286340,599946,554840,199080,1180334,5349996,5169441,1446463
04/0205,1121,kukorica,E6C57M15,39,34.3,8700,8.7,298.4,22854761,17776613,2017465,1865785,669454,3969164,17990673,17383512,4864088
04/0205,1121,kukorica,E6C57M15,41,15.4,11253,11.3,173.3,13272489,10323446,1171606,1083521,388773,2305020,10447758,10095159,2824731
04/0205,1311,napraforgó,E78R5415,47,5.5,3360,3.4,18.5,4558356,3298786,215597,364856,286008,654899,3145632,3581139,1412724
04/0205,1121,kukorica,E7MK5915,50,11.2,12000,12,134.4,10293489,8006356,908640,840325,301513,1787660,8102766,7829309,2190722
04/0205,1311,napraforgó,E7Y57915,131,15.8,3808,3.8,60.2,14840903,10740047,701932,1187883,931173,2132194,10241415,11659319,4599488
04/0205,1113,őszi árpa,E7Y57915,56,11.96,6163,6.2,73.7,3747458,2581039,138282,553161,162938,740218,3692571,2746808,54887
04/0205,1113,őszi árpa,EAUK7N15,68,25,5524,5.5,138.1,7021131,4835762,259082,1036387,305275,1386852,6918297,5146342,102834
04/0205,1311,napraforgó,EAY57D15,77,12.65,2560,2.6,32.4,7987977,5780729,377809,639367,501195,1147633,5512345,6275519,2475631
04/0205,1121,kukorica,EAY57D15,78,13,10525,10.5,136.8,10479216,8150816,925035,855488,306954,1819915,8248966,7970574,2230250
04/0205,1113,őszi árpa,EC1K7V15,81,12,5385,5.4,64.6,3285340,2262759,121230,484948,142845,648938,3237222,2408086,48118
04/0205,1121,kukorica,EC3Y7C15,82,10.03,11931,11.9,119.7,9165182,7128751,809041,748214,268463,1591708,7214593,6971110,1950589
04/0205,1121,kukorica,EC3Y7C15,85,7.8,11052,11.1,86.2,6602354,5135363,582811,538994,193394,1146624,5197201,5021802,1405153
04/0205,1311,napraforgó,EKLC7F15,8,19.2,2865,2.9,55,13568510,9819243,641752,1086039,851339,1949389,9363361,10659701,4205149
04/0205,1121,kukorica,ELR57F15,66,22.9,11360,11.4,260.1,19924027,15497066,1758759,1626530,583608,3460186,15683676,15154372,4240351
04/0205,1121,kukorica,ELR57F15,67,35.47,11360,11.4,402.9,30860491,24003533,2724156,2519346,903955,5359511,24292576,23472733,6567916
04/0229,1121,kukorica,E01PQ515,199,1.43,12000,12,17.2,779169,649074,55297,94416,27235,160105,544776,602222,234393
04/0229,1121,kukorica,E08WQL15,222,2.99,10000,10,29.9,1357643,1130962,96350,164513,47455,278971,949232,1049325,408412
04/0229,1111,őszi búza,E0THQQ15,15,15.07,6556,6.6,98.8,5129884,3972650,339359,906990,467978,2267576,6027457,3415558,897573
04/0229,1111,őszi búza,E1R9ME15,257,2.88,5882,5.9,16.9,879575,681155,58187,155513,80240,388801,1033474,585635,153899
04/0229,1111,őszi búza,E1X3KA15,142,11.8,5657,5.7,66.8,3465960,2684085,229285,612799,316185,1532067,4072397,2307691,606437
04/0229,1121,kukorica,E21PQ715,200,1.15,10000,10,11.5,522171,434985,37058,63274,18252,107297,365089,403587,157081
04/0229,1111,őszi búza,E2Y9NP15,36,13.7,5791,5.8,79.3,4119358,3190085,272509,728324,375792,1820890,4840120,2742733,720762
04/0229,1111,őszi búza,E30HNX15,37,8.72,6759,6.8,58.9,3060232,2369884,202445,541065,279172,1352722,3595679,2037550,535447
04/0229,1111,őszi búza,E3NWN215,207,1.13,4131,4.1,4.7,242376,187699,16034,42853,22111,107138,284784,161378,42408
04/0229,1111,őszi búza,E3X3KD15,48,2.21,5438,5.4,12,624003,483236,41280,110327,56925,275830,733185,415471,109182
04/0229,1111,őszi búza,E559NY15,56,19.21,6519,6.5,125.2,6502251,5035429,430146,1149631,593173,2874207,7639946,4329301,1137696
04/0229,1121,kukorica,E5C9K315,57,3.22,10200,10.2,32.8,1491319,1242318,105837,180711,52128,306439,1042694,1152644,448625
04/0229,1111,őszi búza,E5C9N615,208,15.79,5578,5.6,88.1,4573156,3541513,302529,808557,417190,2021484,5373319,3044879,800163
04/0229,1121,kukorica,E643KN15,62,1.72,9500,9.5,16.3,741936,618058,52654,89904,25934,152454,518744,573444,223192
04/0229,1111,őszi búza,E659N115,144,3.93,6759,6.8,26.6,1379210,1068078,91239,243851,125820,609656,1620530,918300,241320
04/0229,1121,kukorica,E6X3KH15,64,48.59,9500,9.5,461.6,20959700,17460126,1487480,2539799,732626,4306838,14654518,16199795,6305182
04/0229,1121,kukorica,E72WNK15,258,3.3,12000,12,39.6,1798083,1497863,127607,217883,62850,369473,1257176,1389742,540907
04/0229,1111,őszi búza,E78WFK15,75,2.9,5519,5.5,16,831024,643556,54975,146929,75811,367340,976428,553309,145404
04/0229,1121,kukorica,E80HN415,175,2.35,12000,12,28.2,1280453,1066660,90872,155159,44757,263110,895262,989665,385191
04/0229,1111,őszi búza,E80HN415,81,71.03,6759,6.8,480.1,24927551,19304227,1649041,4407319,2274036,11018791,29289113,16597156,4361562
04/0229,1121,kukorica,E859N315,247,17.04,12000,12,204.5,9284647,7734419,658918,1125071,324536,1907826,6491602,7176123,2793045
04/0229,1111,őszi búza,E859N315,83,3.52,6759,6.8,23.8,1235323,956650,81721,218411,112693,546053,1451467,822497,216144
04/0229,1121,kukorica,E8FWN115,88,56.83,10000,10,568.3,25804308,21495845,1831295,3126847,901964,5302317,18041751,19944202,7762557
04/0229,1121,kukorica,E8UPN615,91,61.32,12000,12,735.8,33411652,27833015,2371177,4048669,1167871,6865488,23360623,25823934,10051029
04/0229,1111,őszi búza,E96HF515,97,12.3,5503,5.5,67.7,3514471,2721653,232494,621377,320611,1553511,4129396,2339990,614925
04/0229,1111,őszi búza,E9LHKN15,141,3.5,4831,4.8,16.9,877931,679882,58078,155223,80090,388074,1031542,584540,153611
04/0229,1111,őszi búza,EAJ3NA15,101,16.74,6062,6.1,101.5,5268982,4080370,348561,931583,480667,2329062,6190894,3508171,921911
04/0229,1121,kukorica,EDQ3KH15,99,29.17,10500,10.5,306.3,13907219,11585175,986975,1685212,486113,2857681,9723593,10748918,4183626
04/0229,1111,őszi búza,EE7PFJ15,115,21.98,5519,5.5,121.3,6298591,4877713,416673,1113623,574594,2784183,7400653,4193701,1102061
04/0229,1111,őszi búza,EEFWFY15,118,6.21,5507,5.5,34.2,1775669,1375102,117466,313947,161987,784904,2086357,1182268,310688
04/0229,1111,őszi búza,EETHFW15,123,12.28,5507,5.5,67.6,3511307,2719203,232285,620817,320322,1552112,4125679,2337883,614372
04/0229,1111,őszi búza,EF0HNA15,128,6.93,4594,4.6,31.8,1653026,1280125,109353,292263,150799,730691,1942255,1100610,289229
04/0229,1111,őszi búza,EHX3NW15,135,3.29,5882,5.9,19.4,1004792,778124,66470,177652,91663,444151,1180600,669006,175808
04/0229,1111,őszi búza,EM7PNX15,63,18.65,6759,6.8,126.1,6545105,5068617,432981,1157208,597083,2893150,7690299,4357834,1145194
04/0229,1111,őszi búza,EPEPN715,32,32.21,5630,5.6,181.3,9415740,7291674,622883,1664751,858959,4162064,11063208,6269148,1647468
04/0229,1111,őszi búza,EQVWNW15,49,12.56,6305,6.3,79.2,4111782,3184219,272008,726984,375101,1817542,4831219,2737689,719437
04/0229,1312,repce,E06HQ415,5,67.7,4610,4.6,312.1,51767410,46336762,2062940,1787768,5253405,10457397,30915986,42663298,20851424
04/0229,1311,napraforgó,E08WQL15,221,1.33,2610,2.6,3.5,376262,275548,33629,71905,24617,110146,387018,246111,10756
04/0229,1312,repce,E0THQQ15,238,25.59,4620,4.6,118.2,19610068,17552879,781464,677226,1990048,3961378,11711318,16161330,7898750
04/0229,1311,napraforgó,E2LHNJ15,217,6.51,1930,1.9,12.6,1361873,997339,121721,260259,89101,398671,1400805,890792,38932
04/0229,1311,napraforgó,E30HQ115,38,20.09,2610,2.6,52.4,5683539,4162220,507981,1086146,371848,1663782,5846014,3717565,162474
04/0229,1311,napraforgó,E359QY15,41,1.64,3630,3.6,6,645281,472558,57674,123316,42218,188898,663728,422074,18447
04/0229,1312,repce,E5X3KF15,218,1.53,3740,3.7,5.7,949139,849570,37823,32778,96320,191733,566835,782218,382304
04/0229,1311,napraforgó,E7THQY15,77,2.56,2670,2.7,6.8,740883,542570,66218,141586,48473,216884,762063,484607,21179
04/0229,1311,napraforgó,E859N315,337,1.61,3630,3.6,5.8,633477,463914,56619,121060,41446,185442,651586,414353,18109
04/0229,1312,repce,E859N315,82,54.25,3470,3.5,188.2,31224541,27948938,1244303,1078328,3168695,6307587,18647590,25733215,12576950
04/0229,1312,repce,E87PNK15,86,21.09,2790,2.8,58.8,9759951,8736085,388936,337056,990449,1971582,5828735,8043510,3931216
04/0229,1311,napraforgó,E8VWNE15,96,4.3,2670,2.7,11.5,1244452,911348,111226,237820,81419,364297,1280027,813988,35575
04/0229,1311,napraforgó,EEDHCD15,116,13.96,1860,1.9,26,2814471,2061118,251550,537856,184138,823900,2894928,1840927,80457
04/0229,1311,napraforgó,EPK9Q115,44,2.73,3630,3.6,9.9,1074157,786636,96005,205275,70277,314445,1104864,702599,30707
04/0229,1311,napraforgó,EPLHQ815,45,3.64,3630,3.6,13.2,1432209,1048848,128007,273701,93703,419261,1473151,936798,40942
04/0229,1312,repce,ER7PN315,72,11.77,4210,4.2,49.6,8219121,7356897,327533,283844,834084,1660323,4908537,6773660,3310585
04/0229,1311,napraforgó,ETY9NF15,129,19.055,1760,1.8,33.5,3635131,2662111,324899,694687,237830,1064137,3739048,2377715,103917
04/0229,1311,napraforgó,EU6HNW15,202,4.62,3630,3.6,16.8,1817804,1331230,162471,347389,118931,532138,1869769,1189013,51965
04/0231,1111,őszi búza,E059NT15,1,68.9,5420,5.4,373.4,26398937,7386825,1119967,4074574,1270406,5120364,21955207,19264869,4443731
04/0231,1121,kukorica,E0EPNH15,3,24.26,8360,8.4,202.8,10058421,8776592,917317,743952,346544,2098692,7845058,7772157,2213363
04/0231,1121,kukorica,E0NWNX15,6,5,8360,8.4,41.8,2073046,1808861,189060,153329,71423,432542,1616871,1601846,456175
04/0231,1111,őszi búza,E0THNN15,7,25.76,5030,5,129.6,9159711,2563027,388598,1413766,440796,1776627,7617858,6684384,1541853
04/0231,1111,őszi búza,E143NL15,24,64.63,5030,5,325.1,22981061,6430451,974964,3547038,1105926,4457429,19112661,16770643,3868400
04/0231,1121,kukorica,E1UPPY15,46,35.75,7400,7.4,264.6,13120202,11448184,1196548,970411,452032,2737533,10233092,10137999,2887110
04/0231,1121,kukorica,E1Y9NN15,48,2.22,7220,7.2,16,794919,693616,72496,58795,27387,165860,619997,614235,174923
04/0231,1121,kukorica,E2A3PV15,50,83.64,8120,8.1,679.2,33682383,29389952,3071796,2491254,1160464,7027836,26270549,26026426,7411834
04/0231,1121,kukorica,E2Q3N815,52,4.37,7220,7.2,31.6,1564773,1365361,142706,115736,53911,326490,1220444,1209102,344330
04/0231,1121,kukorica,E2X3NF15,53,35.74,8520,8.5,304.5,15101737,13177195,1377262,1116972,520302,3150981,11778588,11669134,3323149
04/0231,1111,őszi búza,E30HNX15,54,10.25,5440,5.4,55.8,3941765,1102966,167228,608396,189691,764549,3278248,2876539,663517
04/0231,1121,kukorica,E3J3N315,56,16.92,9110,9.1,154.1,7644542,6670334,697174,565414,263379,1595035,5962355,5906949,1682187
04/0231,1121,kukorica,E41PN715,60,21.47,8520,8.5,182.9,9072028,7915903,827359,670996,312560,1892881,7075722,7009969,1996307
04/0231,1121,kukorica,E4X3NJ15,65,5.64,8520,8.5,48.1,2383150,2079445,217341,176265,82107,497245,1858736,1841464,524414
04/0231,1121,kukorica,E5Y9NT15,66,4.33,8810,8.8,38.1,1891893,1650793,172539,139930,65182,394744,1475580,1461868,416312
04/0231,1121,kukorica,E659N115,71,25.83,7600,7.6,196.3,9735780,8495067,887892,720089,335428,2031373,7593414,7522851,2142366
04/0231,1111,őszi búza,E67PF915,73,102.11,6410,6.4,654.5,46269440,12946895,1962966,7141510,2226642,8974466,38480909,33765553,7788530
04/0231,1111,őszi búza,E6EPFH15,77,49.37,4840,4.8,239,16891819,4726589,716630,2607187,812891,3276354,14048421,12326962,2843398
04/0231,1121,kukorica,E6LHNN15,78,3.6,8810,8.8,31.7,1572936,1372484,143450,116339,54193,328194,1226811,1215410,346126
04/0231,1111,őszi búza,E6UPFW15,81,1.21,6410,6.4,7.8,548291,153420,23261,84627,26386,106347,455997,400121,92294
04/0231,1111,őszi búza,E7A3FT15,89,65.05,5220,5.2,339.6,24004117,6716718,1018367,3704943,1155159,4655862,19963506,17517227,4040611
04/0231,1111,őszi búza,E7A3FT15,90,33.94,5220,5.2,177.2,12524208,3504465,531336,1933063,602707,2429208,10416009,9139657,2108199
04/0231,1121,kukorica,E7LHFH15,95,3.2,7600,7.6,24.3,1206136,1052428,109998,89210,41555,251661,940725,931983,265411
04/0231,1121,kukorica,E7LHNP15,96,26.35,3960,4,104.3,5174979,4515487,471952,382758,178294,1079760,4036221,3998713,1138758
04/0231,1121,kukorica,E7NWFY15,98,14.01,7600,7.6,106.5,5280615,4607661,481586,390571,181934,1101801,4118611,4080339,1162003
04/0231,1111,őszi búza,E8DHFA15,103,14,4890,4.9,68.5,4839548,1354179,205316,746966,232895,938684,4024908,3531705,814641
04/0231,1111,őszi búza,E8J3N815,229,33,5640,5.6,186.1,13157124,3681564,558187,2030751,633165,2551969,10942387,9601534,2214737
04/0231,1111,őszi búza,E9EPNT15,108,10.09,5120,5.1,51.7,3651986,1021881,154934,563670,175746,708343,3037247,2665070,614738
04/0231,1111,őszi búza,E9R9NQ15,110,101.24,6410,6.4,648.9,45875214,12836585,1946241,7080662,2207670,8898002,38153043,33477863,7722170
04/0231,1111,őszi búza,EC6HNE15,133,40.85,5670,5.7,231.6,16373558,4581571,694643,2527195,787951,3175831,13617398,11948756,2756159
04/0231,1111,őszi búza,EDTHN315,151,5.26,6340,6.3,33.3,2357452,659651,100014,363864,113449,457254,1960623,1720373,396830
04/0231,1121,kukorica,EE2WNR15,155,21.01,8150,8.2,171.2,8492126,7409902,774472,628104,292581,1771884,6623427,6561878,1868699
04/0231,1121,kukorica,EEY9N315,160,42.66,8810,8.8,375.8,18639296,16263933,1699883,1378621,642183,3889093,14537705,14402611,4101591
04/0231,1121,kukorica,EF1PNK15,161,23.33,8150,8.2,190.1,9429857,8228131,859992,697462,324888,1967542,7354810,7286464,2075047
04/0231,1121,kukorica,EFK9NP15,165,39.68,6360,6.4,252.4,12515884,10920879,1141435,925714,431212,2611442,9761754,9671042,2754130
04/0231,1111,őszi búza,EFNWNE15,167,3.75,4610,4.6,17.3,1222081,341957,51846,188624,58811,237036,1016369,891825,205713
04/0231,1121,kukorica,EHK9NQ15,170,32.7,7820,7.8,255.7,12681986,11065813,1156583,937999,436934,2646099,9891305,9799389,2790681
04/0231,1111,őszi búza,EHNWF815,68,4.62,4910,4.9,22.7,1603583,448707,68031,247507,77170,311033,1333652,1170229,269931
04/0231,1121,kukorica,EJ43N415,173,14.08,3960,4,55.8,2765226,2412830,252186,204525,95271,576965,2156736,2136694,608490
04/0231,1121,kukorica,EJVWNP15,174,1.5,7220,7.2,10.8,537107,468659,48984,39726,18505,112068,418917,415024,118191
04/0231,1111,őszi búza,EKEPFV15,67,100.4,5790,5.8,581.3,41094170,11498776,1743407,6342727,1977590,7970666,34176792,29988852,6917378
04/0231,1111,őszi búza,EM6HNP15,208,3.4,5320,5.3,18.1,1278670,357791,54247,197358,61534,248012,1063432,933121,215238
04/0231,1121,kukorica,EM7PNX15,72,15.5,8590,8.6,133.1,6603248,5761740,602209,488397,227503,1377769,5150198,5102339,1453050
04/0231,1111,őszi búza,EPJ3NP15,100,32,2860,2.9,91.5,6469697,1810320,274475,998573,311344,1254869,5380654,4721321,1089043
04/0231,1111,őszi búza,EPTHND15,15,18.36,5030,5,92.4,6528428,1826754,276966,1007638,314170,1266260,5429498,4764181,1098930
04/0231,1111,őszi búza,EQEPN815,51,42.79,4080,4.1,174.6,12341569,3453359,523587,1904874,593918,2393783,10264114,9006375,2077455
04/0231,1121,kukorica,ER43NC15,69,10.22,8250,8.3,84.3,4181553,3648662,381353,309281,144068,872482,3261399,3231092,920154
04/0231,1111,őszi búza,ER6HNU15,171,2.32,5230,5.2,12.1,857744,240010,36390,132389,41278,166369,713360,625947,144384
04/0231,1111,őszi búza,ETTHNH15,164,6.7,4610,4.6,30.9,2183452,610963,92632,337007,105075,423505,1815912,1593394,367540
04/0231,1111,őszi búza,EU59NN15,8,9.33,5030,5,46.9,3317551,928301,140746,512051,159652,643475,2759108,2421013,558443
04/0231,1121,kukorica,EUA3NM15,168,3.22,9670,9.7,31.1,1544241,1347445,140833,114217,53204,322206,1204430,1193237,339811
04/0231,1312,repce,E0K9N715,5,5.7,3090,3.1,17.6,2096267,1944189,89430,384510,302781,350296,2031129,1262181,65137
04/0231,1311,napraforgó,E31PN615,55,33.26,3060,3.1,101.8,15313516,14384231,835247,1176363,1127244,1684291,8485187,11935873,6828329
04/0231,1311,napraforgó,E3UPP215,59,1.7,2450,2.5,4.2,626681,588651,34181,48141,46131,68927,347242,488456,279438
04/0231,1311,napraforgó,E46HN615,61,35.5,2880,2.9,102.2,15383391,14449865,839058,1181731,1132387,1691976,8523905,11990336,6859486
04/0231,1311,napraforgó,E4NWN315,62,23.14,2090,2.1,48.4,7276807,6835222,396900,558994,535653,800356,4032064,5671790,3244744
04/0231,1311,napraforgó,E6DHF815,76,46.62,3260,3.3,152,22867628,21479929,1247271,1756659,1683310,2515147,12670904,17823803,10196723
04/0231,1312,repce,E6X3FD15,195,7.49,3260,3.3,24.4,2906114,2695284,123979,533057,419754,485625,2815812,1749797,90302
04/0231,1312,repce,E77PFA15,87,21.17,2860,2.9,60.5,7206096,6683317,307423,1321786,1040836,1204171,6982181,4338856,223916
04/0231,1312,repce,E7DHNH15,94,51.36,3540,3.5,181.8,21639213,20069356,923161,3969196,3125530,3616010,20966816,13029167,672397
04/0231,1312,repce,E7MPFQ15,198,34.64,2450,2.5,84.9,10100832,9368049,430917,1852756,1458947,1687894,9786968,6081803,313864
04/0231,1311,napraforgó,E7THNW15,99,1.39,2770,2.8,3.9,579330,544174,31598,44503,42645,63719,321005,451549,258324
04/0231,1312,repce,EALHNT15,111,28.17,2720,2.7,76.6,9119456,8457868,389050,1672746,1317198,1523902,8836086,5490907,283370
04/0231,1312,repce,EAX3NQ15,126,9.43,3090,3.1,29.1,3468034,3216439,147952,636128,500917,579524,3360272,2088135,107763
04/0231,1311,napraforgó,EC2WNP15,132,1.88,2690,2.7,5.1,760924,714748,41503,58453,56012,83692,421626,593090,339298
04/0231,1311,napraforgó,ECLHPV15,142,10.05,2450,2.5,24.6,3704788,3479967,202071,284597,272713,407479,2052815,2887637,1651973
04/0231,1311,napraforgó,ED1PPJ15,144,5.81,2450,2.5,14.2,2141773,2011802,116819,164528,157658,235568,1186752,1669370,955021
04/0231,1311,napraforgó,ED7PNP15,148,16.28,3490,3.5,56.8,8548916,8030134,466284,656716,629295,940271,4736937,6663315,3811980
04/0231,1311,napraforgó,EE8WFR15,156,46.65,3190,3.2,148.8,22391004,21032229,1221275,1720046,1648225,2462724,12406808,17452307,9984196
04/0231,1311,napraforgó,EEK9FF15,158,17.88,2980,3,53.3,8017058,7530551,437275,615859,590144,881774,4442235,6248766,3574823
04/0231,1311,napraforgó,EH43N315,226,21.28,2958,3,62.9,9471113,8896368,516584,727558,697178,1041701,5247924,7382106,4223189
04/0231,1312,repce,EHQ3FH15,83,4.4,2600,2.6,11.4,1361568,1262790,58087,249747,196662,227524,1319259,819812,42308
04/0231,1311,napraforgó,EHUPF715,157,3.9,2980,3,11.6,1748687,1642570,95379,134332,128723,192333,968944,1362986,779743
04/0231,1311,napraforgó,EJ0HND15,172,0.87,3160,3.2,2.7,413654,388552,22562,31776,30450,45497,229205,322416,184449
04/0231,1311,napraforgó,EJLHP215,143,9.91,2450,2.5,24.3,3653179,3431490,199256,280632,268914,401803,2024219,2847412,1628960
04/0231,1311,napraforgó,EK6HNM15,175,4.05,2880,2.9,11.7,1755007,1648506,95723,134817,129188,193028,972445,1367912,782561
04/0231,1311,napraforgó,EKK9FL15,91,35.85,2690,2.7,96.4,14510176,13629641,791430,1114651,1068109,1595934,8040058,11309722,6470118
04/0231,1311,napraforgó,EKQ3FK15,105,1.13,3260,3.3,3.7,554278,520642,30232,42579,40801,60963,307124,432023,247154
04/0231,1311,napraforgó,EKR9FT15,107,8.09,3190,3.2,25.8,3883027,3647390,211792,298289,285834,427083,2151577,3026563,1731450
04/0231,1311,napraforgó,EKY9P815,58,9.6,2320,2.3,22.3,3351124,3147764,182781,257429,246680,368581,1856851,2611979,1494273
04/0231,1312,repce,EL43N615,176,24.4,2870,2.9,70,8334603,7729954,355567,1528784,1203836,1392750,8075621,5018340,258982
04/0231,1311,napraforgó,ELLHFV15,152,15.43,3190,3.2,49.2,7406071,6956641,403950,568924,545169,814573,4103688,5772542,3302382
04/0231,1312,repce,ELQ3NT15,86,3.93,3330,3.3,13.1,1557579,1444581,66449,285701,224974,260278,1509180,937832,48399
04/0231,1312,repce,ELUPNJ15,196,4,3090,3.1,12.4,1471064,1364343,62758,269832,212478,245821,1425354,885741,45711
04/0231,1311,napraforgó,ELX3FT15,184,3.85,2690,2.7,10.4,1558276,1463713,84993,119705,114706,171390,863437,1214573,694838
04/0231,1311,napraforgó,EM6HNP15,224,9.92,3123,3.1,31,4661384,4378513,254246,358081,343129,512693,2582863,3633241,2078521
04/0231,1311,napraforgó,EPDHNY15,63,3.85,1720,1.7,6.6,996369,935906,54345,76540,73344,109588,552086,776604,444283
04/0231,1311,napraforgó,EPJ3NP15,102,51.46,3146,3.1,161.9,24359016,22880814,1328616,1871225,1793092,2679180,13497280,18986242,10861737
04/0231,1311,napraforgó,EUJ3NU15,39,18.47,2440,2.4,45.1,6780910,6369417,369852,520900,499150,745813,3757288,5285271,3023622
04/0302,1113,őszi árpa,E0C9JV15,1,13.8345,3400,3.4,47,2679024,1754745,166252,488199,56367,0,1735020,1968207,944004
04/0302,1113,őszi árpa,ECC9A215,25,3.99,3400,3.4,13.6,772656,506085,47948,140801,16257,0,500396,567649,272260
04/0343,1311,napraforgó,E1Q3VE15,1,9.87,3500,3.5,34.5,4056686,0,88151,193840,110766,168896,1341388,3602778,2715298
04/0343,1311,napraforgó,E1X3VM15,11,22.53,3500,3.5,78.9,9260095,0,201220,442473,252842,385535,3061952,8223971,6198143
04/0343,1121,kukorica,E1X3VM15,2,13.6,9400,9.4,127.8,3438891,0,263684,177479,136913,143177,2019411,2581918,1419479
04/0343,1121,kukorica,E1X3VM15,3,3.7,9400,9.4,34.8,935581,0,71738,48285,37248,38953,549399,702434,386182
04/0343,1311,napraforgó,E1X3VM15,4,11,3300,3.3,36.3,4262779,0,92629,203687,116393,177476,1409535,3785811,2853244
04/0343,1121,kukorica,E1X3VM15,9,9.52,9400,9.4,89.5,2407224,0,184579,124236,95839,100224,1413588,1807343,993636
04/0364,1113,őszi árpa,E46N5U15,11,3.48,4500,4.5,15.7,991533,649465,35782,140911,20509,129108,836600,783543,154933
04/0364,1113,őszi árpa,E7Q85315,2,11.05,3500,3.5,38.7,2448756,1603963,88370,348004,50651,318854,2066123,1935091,382633
04/0364,1113,őszi árpa,E7Q85315,8,5.84,1200,1.2,7,443720,290642,16013,63059,9178,57777,374386,350643,69334
04/0364,1113,őszi árpa,E7Q85315,9,29.72,3971,4,118,7472466,4894548,269664,1061945,154565,972995,6304848,5904998,1167618
04/0364,1113,őszi árpa,EAYF5M15,19,4.36,4500,4.5,19.6,1242265,813697,44830,176544,25696,161756,1048154,981680,194111
04/0364,1113,őszi árpa,EAYF5M15,20,6.38,4500,4.5,28.7,1817810,1190686,65601,258337,37601,236698,1533766,1436495,284044
04/0408,1113,őszi árpa,E4UV5P15,8,9.77,4500,4.5,44,2162360,1464005,128035,89582,45460,227570,841324,1899282,1321036
04/0408,1113,őszi árpa,E5W25Y15,5,3.95,4500,4.5,17.8,874240,591895,51765,36218,18380,92006,340147,767878,534093
04/0417,1113,őszi árpa,E2EP9615,1,16.14,4030,4,65,3400347,2160480,47582,374301,29650,543115,2074111,2948814,1326236
04/0421,1113,őszi árpa,E759DR15,16,18.05,4200,4.2,75.8,3718646,1670607,53670,416868,75745,471406,2095015,3172363,1623630
04/0421,1113,őszi árpa,E759DR15,2,7.88,4200,4.2,33.1,1623431,729329,23430,181990,33068,205800,914611,1384943,708820
04/0421,1113,őszi árpa,E759DR15,6,15.08,4202,4.2,63.4,3108248,1396385,44860,348441,63312,394027,1751129,2651635,1357119
04/0422,1113,őszi árpa,E21P9R15,7,7.88,4750,4.8,37.4,1737767,1158218,85359,101780,31371,226046,740142,1512853,997625
04/0422,1113,őszi árpa,E3THDH15,4,2.2932,4750,4.8,10.9,505717,337059,24841,29620,9129,65783,215393,440263,290324
04/0459,1113,őszi árpa,E3RF7815,1,2.2,4580,4.6,10.1,147546,69547,7634,14154,3022,34831,98296,122251,49250
04/0459,1113,őszi árpa,E3Y9DF15,2,6.1,4580,4.6,27.9,409104,192836,21166,39246,8378,96577,272548,338970,136556
04/0485,1113,őszi árpa,E57V7615,5,9.37,5510,5.5,51.6,2572129,1915760,164000,133200,42165,0,1020155,2232764,1551974
04/0500,1311,napraforgó,E25A0715,1,13,3450,3.5,44.9,16365230,0,786180,1375815,319189,1865399,7394306,13280111,8970924
04/0500,1311,napraforgó,E7UQ0H15,2,3.8,3210,3.2,12.2,4450905,0,213820,374185,86811,507339,2011054,3611835,2439851
06/4017,1111,őszi búza,H08QLC15,4,1.1,6500,6.5,7.2,390498,458748,23983,66252,17987,47431,338899,282276,51599
06/4017,1111,őszi búza,H2Y4LJ15,17,1.39,6500,6.5,9,493448,579690,30305,83719,22729,59936,428245,356694,65203
06/4017,1121,kukorica,H3DAM715,83,1.9,11800,11.8,22.4,7367856,0,380692,211222,213188,761996,3871156,6562754,3496699
06/4017,1121,kukorica,H8HXEW15,89,1.15,11800,11.8,13.6,4459492,0,230419,127845,129035,461208,2343068,3972193,2116423
06/4017,1111,őszi búza,HA54LY15,48,2.06,6500,6.5,13.4,731297,859109,44913,124072,33685,88825,634665,528626,96631
06/4017,1111,őszi búza,HJ7JLN15,100,19.25,6600,6.6,127.1,6938851,8151591,426155,1177252,319616,842813,6021972,5015829,916880
06/4017,1111,őszi búza,HK6ALF15,8,10.2,6500,6.5,66.3,3620983,4253841,222385,614339,166789,439815,3142516,2617469,478466
06/4017,1111,őszi búza,HL0AL915,34,33.5,6500,6.5,217.8,11892443,13970949,730383,2017683,547787,1444490,10321010,8596590,1571433
06/4017,1113,őszi árpa,HL0AL915,91,20,7000,7,140,6441000,0,500000,1105000,300000,778584,4839065,4536000,1601935
06/4017,1111,őszi búza,HNFQE315,58,5.59,6500,6.5,36.3,1984441,2331272,121876,336682,91407,241036,1722222,1434476,262218
06/4017,1121,kukorica,HY6TJ915,29,2.44,11800,11.8,28.8,9461878,0,488889,271253,273778,978563,4971380,8427958,4490498
06/4017,1311,napraforgó,H2Y4MK15,54,0.63,3700,3.7,2.3,1966025,1668091,102076,30623,51038,149593,941615,1782289,1024411
06/4017,1312,repce,H9FQDN15,65,1.11,3100,3.1,3.4,3482943,2889389,135573,186412,144046,303992,1433102,3016912,2049840
06/4017,1311,napraforgó,H9LADD15,77,10.13,3700,3.7,37.5,31612439,26821846,1641316,492395,820658,2405361,15140564,28658069,16471875
06/4017,1312,repce,H9Y4DK15,62,1.83,3100,3.1,5.7,5742149,4763588,223511,307328,237481,501177,2362682,4973828,3379467
06/4017,1311,napraforgó,HA8QLP15,80,1.09,3700,3.7,4,3401536,2886062,176608,52982,88304,258820,1629143,3083642,1772393
06/4017,1312,repce,HJR4LT15,71,2.3,3100,3.1,7.1,7216908,5987023,280916,386260,298473,629894,2969491,6251260,4247417
06/4132,1121,kukorica,H5MJNR15,1,11.64,9500,9.5,110.6,7521095,6147473,647102,1294205,509838,857296,6711332,3297281,809763
06/4132,1121,kukorica,H5PXN815,64,13.8,9500,9.5,131.1,8916762,7288241,767183,1534367,604447,1016382,7956734,3909148,960029
06/4132,1121,kukorica,HC1JK815,18,13.1,9500,9.5,124.5,8464463,6918548,728268,1456536,573787,964826,7553131,3710857,911331
06/4132,1121,kukorica,HCLAKM15,23,12.78,9500,9.5,121.4,8257697,6749545,710478,1420957,559771,941258,7368627,3620211,889070
06/4132,1121,kukorica,HDUJK415,25,14.2,9500,9.5,134.9,9175219,7499495,789420,1578841,621968,1045842,8187364,4022456,987855
06/4132,1121,kukorica,HF7JKK15,27,26.3,9500,9.5,249.9,16993539,13889909,1462096,2924191,1151954,1937018,15163920,7450042,1829620
06/4132,1121,kukorica,HKC4KD15,38,26.9,9500,9.5,255.6,17381225,14206789,1495451,2990903,1178235,1981208,15509865,7620005,1871360
06/4147,1111,őszi búza,H0C48H15,2,8.39,5200,5.2,43.6,2349608,1696644,208002,313227,106040,227941,1411586,1722339,938022
06/4147,1113,őszi árpa,HDPX6115,898,42,5000,5,210,11517350,0,1199000,1804800,235000,1218701,7622919,8278550,3894431
06/4147,1111,őszi búza,HDPX6115,899,40,5200,5.2,208,11201944,8088889,991667,1493333,505556,1086728,6729848,8211389,4472096
06/4147,1111,őszi búza,HHUJ6U15,44,20.21,5200,5.2,105.1,5659782,4086911,501040,754507,255432,549069,3400256,4148804,2259527
06/4147,1111,őszi búza,HPEDLW15,876,3.4,5200,5.2,17.7,952165,687556,84292,126933,42972,92372,572037,697968,380128
06/4147,1311,napraforgó,H1R49Y15,4,6,3600,3.6,21.6,4031704,3366637,189884,246849,284825,279782,1685295,3310146,2346409
06/4147,1121,kukorica,H1VQ8N15,5,2.8,8500,8.5,23.8,1583738,195968,84879,70426,54136,109584,484445,1374297,1099292
06/4147,1311,napraforgó,H26A9M15,896,2.05,3600,3.6,7.4,1377499,1150267,64877,84340,97315,95592,575809,1130967,801690
06/4147,1121,kukorica,H9HX6P15,12,6.74,8500,8.5,57.3,3812283,471723,204315,169525,130313,263784,1166129,3308129,2646153
06/4147,1121,kukorica,HC3X6C15,14,1.26,8500,8.5,10.7,712682,88186,38195,31692,24361,49313,218000,618434,494681
06/4147,1311,napraforgó,HCDA6215,19,8.75,3500,3.5,30.6,5716247,4773298,269222,349988,403832,396682,2389452,4693205,3326795
06/4147,1311,napraforgó,HHDA8815,41,10.15,3600,3.6,36.5,6820299,5695227,321220,417586,481830,473298,2850958,5599664,3969341
06/4147,1121,kukorica,HHLA8F15,43,1.1,8400,8.4,9.2,614863,76082,32953,27342,21018,42544,188079,533551,426784
06/4147,1121,kukorica,HNT6L215,23,1.74,8400,8.4,14.6,972601,120347,52125,43250,33246,67297,297506,843980,675095
06/4147,1311,napraforgó,HNVQ8A15,35,13.77,3600,3.6,49.6,9252761,7726431,435783,566518,653674,642100,3867753,7596785,5385008
06/4147,1121,kukorica,HP06L815,24,1.49,8500,8.5,12.7,842775,104283,45168,37477,28808,58314,257794,731322,584980
06/4147,1121,kukorica,HP7DLP15,25,8.9,8350,8.4,74.3,4945187,611906,265032,219904,169039,342173,1512671,4291213,3432517
06/4147,1121,kukorica,HPVLLK15,36,3.5,8500,8.5,29.8,1979672,244960,106098,88032,67670,136980,605557,1717871,1374115
06/4147,1311,napraforgó,HQ2Q6H15,47,2.95,3600,3.6,10.6,1982254,1655263,93359,121367,140039,137560,828604,1627489,1153651
06/4147,1311,napraforgó,HQ3X6Q15,48,10.5,3600,3.6,37.8,7055482,5891614,332296,431985,498444,489619,2949267,5792756,4106215
06/4147,1121,kukorica,HQHTLE15,46,2.82,8500,8.5,24,1595050,197368,85485,70929,54523,110367,487906,1384113,1107144
06/4147,1121,kukorica,HR8Q6Q15,53,2.36,8400,8.4,19.8,1319160,163230,70699,58661,45092,91277,403515,1144708,915646
06/4147,1311,napraforgó,HT1DLL15,879,2.95,3600,3.6,10.6,1982254,1655263,93359,121367,140039,137560,828604,1627489,1153651
06/4147,1121,kukorica,HV9X6315,882,13.23,8500,8.5,112.5,7483160,925949,401051,332763,255793,517783,2289005,6493552,5194155
06/4222,1312,repce,H8HX6L13,53,31.3,4000,4,125.2,25502500,22000000,833000,3195000,500000,1482983,11364852,20974500,14137648
06/4361,1121,kukorica,H0R00H15,3,5.15,7500,7.5,38.6,2188476,1331745,207034,206053,106452,189992,1243519,1402799,944957
06/4361,1311,napraforgó,H0UD3315,4,10.19,3300,3.3,33.6,6440739,5264429,369434,423169,335849,503364,3159320,5173749,3281419
06/4361,1311,napraforgó,H3ED3R15,7,2.3,3300,3.3,7.6,1453749,1188242,83385,95514,75805,113615,713095,1167774,740654
06/4361,1311,napraforgó,H53T3W15,9,2.96,3300,3.3,9.8,1870911,1529216,107313,122923,97558,146218,917722,1502875,953189
06/4361,1311,napraforgó,H5VQN715,49,23.79,3300,3.3,78.5,15036819,12290556,862495,987949,784086,1175176,7375882,12078850,7660937
06/4361,1121,kukorica,H61D3F15,13,3.21,7500,7.5,24.1,1364079,830078,129044,128433,66352,118422,775087,874366,588993
06/4361,1111,őszi búza,H7T60Y15,31,2,5000,5,10,786302,545482,74465,105417,10093,57866,355175,569861,431127
06/4361,1111,őszi búza,H8MD0215,34,2.9,5000,5,14.5,1140137,790948,107974,152854,14635,83906,515003,826298,625134
06/4361,1111,őszi búza,H9VL0J15,22,4.33,5000,5,21.7,1702343,1180968,161216,228227,21852,125280,768953,1233749,933390
06/4361,1121,kukorica,HAK03Q15,61,33.3,7500,7.5,249.8,14150730,8611092,1338685,1332340,688321,1228491,8040617,9070525,6110113
06/4361,1111,őszi búza,HAY03515,4,3.58,5000,5,17.9,1407480,976412,133291,188696,18067,103580,635763,1020051,771717
06/4361,1311,napraforgó,HCD63T15,57,3.86,3300,3.3,12.7,2439770,1994180,139942,160298,127220,190676,1196759,1959830,1243010
06/4361,1111,őszi búza,HDR03115,24,1.62,5000,5,8.1,636904,441840,60316,85387,8175,46872,287691,461587,349213
06/4361,1311,napraforgó,HED60R15,29,7,3300,3.3,23.1,4424453,3616389,253782,290695,230711,345785,2170289,3554096,2254164
06/4361,1111,őszi búza,HJ2L5415,8,4,5000,5,20,1572603,1090963,148929,210833,20186,115732,710349,1139722,862254
06/4361,1111,őszi búza,HJPT5Y15,41,24.57,5000,5,122.9,9659714,6701241,914796,1295043,123993,710886,4363320,7000742,5296394
06/4361,1111,őszi búza,HJT65F15,34,28.21,5000,5,141.1,11090783,7694018,1050322,1486901,142363,816202,5009738,8037890,6081045
06/4361,1121,kukorica,HU1D4515,15,6.76,7500,7.5,50.7,2872641,1748078,271757,270469,139731,249387,1632269,1841344,1240371
06/4361,1311,napraforgó,HUNL4115,21,2.39,3300,3.3,7.9,1510635,1234738,86648,99252,78771,118061,740999,1213470,769636
06/4361,1111,őszi búza,HUWT5H15,31,17.96,5000,5,89.8,7060988,4898425,668691,946641,90636,519638,3189468,5117352,3871520
06/4361,1121,kukorica,HX0AKL15,32,10.36,7500,7.5,77.7,4402449,2679006,416480,414506,214144,382197,2501525,2821941,1900924
06/4385,1113,őszi árpa,H2VLCN15,71,8.92,8400,8.4,74.9,10203296,2110922,522859,993216,248981,952909,4090202,8438240,6113094
06/4385,1111,őszi búza,H5MD3215,76,31.35,6900,6.9,216.3,14334098,9041599,799939,1400275,365687,1459008,6514817,11768197,7819280
06/4385,1113,őszi árpa,H6Y05315,50,7.56,8400,8.4,63.5,8647636,1789078,443141,841784,211019,807622,3466584,7151692,5181052
06/4385,1111,őszi búza,H6Y05315,66,9.8,6900,6.9,67.6,4480834,2826401,250061,437725,114313,456086,2036530,3678735,2444305
06/4385,1311,napraforgó,H1UD5615,5,2.93,3200,3.2,9.4,1331899,932964,70624,81550,36097,108030,511820,1143628,820079
06/4385,1312,repce,H1Y06X15,1,3.94,4300,4.3,16.9,3202231,2456171,77891,198623,184343,228693,1116197,2741374,2086034
06/4385,1311,napraforgó,H4VL5J15,37,21.34,3200,3.2,68.3,9700588,6795036,514376,593950,262903,786811,3727730,8329359,5972858
06/4385,1312,repce,H7C06J15,17,14.28,4300,4.3,61.4,11606056,8902063,282306,719881,668125,828866,4045505,9935743,7560551
06/4385,1312,repce,HQY05M15,55,12.13,4300,4.3,52.2,9858645,7561766,239802,611496,567532,704072,3436413,8439815,6422233
14/0020,1111,őszi búza,R03VJE12,1,6.35,8488,8.5,53.9,5126818,4212670,308541,784284,620239,782778,4057041,3112766,1069777
14/0020,1111,őszi búza,RA2NJJ12,68,35.7,7637,7.6,272.6,25933420,21309308,1560721,3967211,3137406,3959593,20522075,15745572,5411345
14/0020,1111,őszi búza,RD52F112,15,16.65,11112,11.1,185,17598484,14460550,1059109,2692160,2129052,2686989,13926332,10684985,3672152
14/0020,1111,őszi búza,RK7FKR12,6,14.27,8999,9,128.4,12214818,10036830,735110,1868584,1477740,1864995,9666038,7416272,2548781
14/0020,1111,őszi búza,RTC2FM12,12,10.84,10910,10.9,118.3,11249231,9243413,676999,1720871,1360924,1717566,8901932,6830012,2347298
14/0020,1111,őszi búza,RTK2FU12,21,46.22,12188,12.2,563.3,53583512,44029193,3224754,8197033,6482494,8181292,42402616,32533428,11180896
14/0020,1311,napraforgó,RN8NJ312,3,14.2,3770,3.8,53.5,18870341,16119221,885242,2594178,2545399,2800039,12880512,12029625,5989828
14/0020,1311,napraforgó,RPNNJJ12,17,23.38,4340,4.3,101.5,35767145,30552629,1677902,4917047,4824590,5307240,24413929,22801144,11353216
14/0020,1311,napraforgó,RU2NJ212,28,19.7,3440,3.4,67.8,23887721,20405114,1120617,3283937,3222188,3544534,16305274,15228147,7582446
14/0028,1111,őszi búza,R5FJ6912,3,6.74,5400,5.4,36.4,2055599,0,186782,495665,125774,301663,1517622,1139213,537977
14/0028,1312,repce,R5PPQ812,4,73.3,3200,3.2,234.6,28212046,23411012,1598000,4440618,2824397,3215916,18233193,18144952,9978853
14/0028,1311,napraforgó,RD8HTW12,42,29.38,2700,2.7,79.3,22187192,14798520,1442712,4313500,2784172,2651718,17588506,12739451,4598686
14/0028,1111,őszi búza,RMMA6Q12,8,32.29,5300,5.3,171.1,9665596,0,878264,2330655,591401,1418443,7135985,5356673,2529611
14/0159,1121,kukorica,R02HN512,1,30.7,8010,8,245.9,11292298,7850221,1254505,1853298,1200809,926597,8514434,6379429,2777865
14/0159,1311,napraforgó,R419LY12,19,80,2850,2.9,228,30428798,28223405,2632906,5730705,5445526,3487029,27335615,14942521,3093182
14/0159,1121,kukorica,R53PMJ12,14,30,8680,8.7,260.4,11957831,8312889,1328442,1962525,1271581,981208,9016248,6755412,2941583
14/0159,1111,őszi búza,R5NHNX12,25,129.89,7580,7.6,984.6,98417305,79060134,8158520,19641085,12389000,10045998,79560280,56444873,18857025
14/0159,1121,kukorica,R6AWLY12,27,2.7,15060,15.1,40.7,1867240,1298075,207439,306452,198560,153218,1407906,1054872,459334
14/0159,1311,napraforgó,R6JWN812,29,85,2870,2.9,244,32557479,30197806,2817094,6131604,5826474,3730968,29247910,15987842,3309569
14/0159,1121,kukorica,R6M9KM12,32,66.26,11050,11.1,732.2,33622125,23373551,3735212,5518080,3575334,2758887,25351203,18994357,8270922
14/0159,1121,kukorica,RC9PKV12,46,37,8080,8.1,299,13728546,9543860,1525157,2253136,1459876,1126505,10351373,7755753,3377173
14/0159,1121,kukorica,RFHPL712,51,41,11020,11,451.8,20748031,14423692,2304979,3405177,2206319,1702494,15644090,11721315,5103941
14/0159,1121,kukorica,RKD3NN12,45,34,10580,10.6,359.7,16518706,11483534,1835127,2711058,1756578,1355454,12455164,9332016,4063542
14/0159,1113,őszi árpa,RP63LJ12,17,75.5,5860,5.9,442.4,30726568,24003025,2971928,6084510,2848455,3585353,26020654,18049610,4705914
14/0159,1121,kukorica,RRWPLX12,50,9,4240,4.2,38.2,1752346,1218202,194675,287596,186342,143790,1321275,989964,431071
14/0544,1121,kukorica,R2T8HK12,178,16.48,9315,9.3,153.5,9271586,6260794,885179,962122,672793,877001,7330411,5830849,1941175
14/0544,1121,kukorica,R2Y2HJ12,52,53.11,8543,8.5,453.7,27403162,18504445,2616242,2843654,1988510,2592070,21665812,17233695,5737350
14/0544,1121,kukorica,R352HQ12,79,30.68,10210,10.2,313.2,18918865,12775281,1806227,1963230,1372847,1789539,14957857,11897968,3961008
14/0544,1121,kukorica,R368HY12,184,55.95,9124,9.1,510.5,30831833,20819713,2943585,3199450,2237312,2916389,24376628,19389967,6455204
14/0544,1121,kukorica,R5EFHH12,110,15.4,9506,9.5,146.4,8841633,5970461,844131,917505,641593,836332,6990477,5560454,1851157
14/0544,1121,kukorica,RMVNHM12,174,13.6,9126,9.1,124.1,7496065,5061844,715666,777874,543952,709054,5926628,4714233,1569437
14/0544,1121,kukorica,RN2NHU12,12,81.34,9065,9.1,737.3,44533410,30071933,4251706,4621277,3231567,4212424,35209532,28006812,9323878
14/0544,1121,kukorica,RN52HA12,173,31.05,9266,9.3,287.7,17376723,11733924,1658995,1803200,1260942,1643668,13738590,10928124,3638133
14/0643,1113,őszi árpa,R1C73M12,25,1.68,8200,8.2,13.8,614029,452540,31944,73260,25666,70468,339032,476729,274997
14/0643,1111,őszi búza,R8NU1Q12,32,38,4050,4.1,153.9,12989817,9355500,738150,1697106,1039838,1558124,7732037,9336406,5257780
14/0643,1113,őszi árpa,R8NU1Q12,48,8.62,8250,8.3,71.1,3169762,2336119,164905,378188,132492,363773,1750162,2460991,1419600
14/0643,1113,őszi árpa,RA7M1512,15,2.51,8200,8.2,20.6,917388,676116,47726,109455,38346,105283,506529,712256,410859
14/0643,1113,őszi árpa,RLTE1T12,18,1.56,8200,8.2,12.8,570169,420216,29663,68028,23832,65435,314815,442677,255354
14/0745,1111,őszi búza,R27FD312,2,76.83,6350,6.4,487.9,27760873,20552297,1407151,5689187,3454952,4664864,26016322,16208110,1744551
14/0745,1121,kukorica,R27FD312,62,84.95,12070,12.1,1025.3,43657605,37441049,1681675,4814056,3605336,4264396,30849369,26537207,12808236
14/0745,1111,őszi búza,R27FD312,65,28,6060,6.1,169.7,9655154,7148032,489403,1978683,1201623,1622427,9048404,5637135,606750
14/0745,1113,őszi árpa,R59VDN12,7,13.97,5840,5.8,81.6,4833555,3540264,301811,920277,502454,664362,4444820,2933898,388735
14/0745,1312,repce,R5VND212,11,36.79,3300,3.3,121.4,16845653,13890473,823729,3306514,2100086,2334247,13356710,10187527,3488943
14/0745,1121,kukorica,R5VND212,60,29,12100,12.1,350.9,14940758,12813292,575513,1647494,1233839,1459386,10557449,9081716,4383308
14/0745,1121,kukorica,RAFNDT12,17,20,11320,11.3,226.4,9639748,8267111,371320,1062960,796070,941593,6811646,5859506,2828102
14/0745,1121,kukorica,RAFNDT12,19,11.48,11560,11.6,132.7,5650527,4845929,217656,623075,466632,551933,3992780,3434664,1657748
14/0745,1312,repce,RAFNDT12,92,25.22,2600,2.6,65.6,9098348,7502254,444897,1785850,1134258,1260728,7213968,5502290,1884380
14/0745,1113,őszi árpa,RENND412,110,17.36,4760,4.8,82.6,4895692,3585776,305690,932108,508913,672902,4501959,2971614,393732
14/0745,1312,repce,RH3VDT12,46,14.22,2600,2.6,37,5129997,4230057,250850,1006931,639538,710847,4067511,3102401,1062486
14/0745,1121,kukorica,RLK2DK12,23,8.9,10950,11,97.5,4149477,3558619,159836,457556,342672,405313,2932107,2522253,1217371
14/0745,1312,repce,RLMFD212,10,7.61,3800,3.8,28.9,4012475,3308579,196204,787580,500221,555996,3181442,2426573,831033
14/0745,1111,őszi búza,RM2NDP12,112,17.87,3986,4,71.2,4053129,3000666,205446,830630,504428,681077,3798422,2366408,254707
14/0745,1113,őszi árpa,RM2NDP12,29,30.35,5010,5,152.1,9008527,6598160,562499,1715165,936448,1238202,8284024,5468046,724504
14/0765,1121,kukorica,R0D8AW12,155,20.85,9074,9.1,189.2,13038813,11303474,1230024,2302748,1084263,1119759,10481562,7410207,2557251
14/0765,1121,kukorica,R0D8AW12,156,11.9,9074,9.1,108,7441817,6451383,702028,1314278,618836,639095,5982282,4229327,1459534
14/0765,1121,kukorica,R0D8AW12,158,47.17,9074,9.1,428,29498360,25572416,2782744,5209623,2452982,2533287,23712963,16764482,5785397
14/0957,1113,őszi árpa,R01FJX12,27,9.17,4110,4.1,37.7,2049175,1319988,108916,265494,16994,384233,1051411,1604635,997764
14/0957,1113,őszi árpa,R4WVJD12,9,9.1,4110,4.1,37.4,2033533,1309912,108084,263467,16864,381299,1043385,1592385,990148
14/0957,1311,napraforgó,R968J712,22,53.8,2550,2.6,137.2,17319428,13215295,924000,1712180,1011730,2590948,10286840,13261553,7032588
16/0126,1111,őszi búza,U24D6U14,45,56.88,4900,4.9,278.7,21522629,17121608,1568831,1961944,2166560,2364686,17548869,13707343,3973760
16/0126,1111,őszi búza,U2JD6814,32,41.58,5600,5.6,232.8,17980931,14304128,1310669,1639093,1810037,1975561,14661081,11451704,3319850
16/0126,1111,őszi búza,U4Q7AH14,72,46.38,3500,3.5,162.3,12535407,9972124,913733,1142694,1261868,1377262,10220973,7983556,2314434
16/0126,1111,őszi búza,U5P1A914,106,59.28,4630,4.6,274.5,21194777,16860796,1544933,1932058,2133557,2328665,17281549,13498540,3913228
16/0126,1111,őszi búza,U6X7CT14,133,53.15,4900,4.9,260.4,20111247,15998830,1465952,1833286,2024484,2209618,16398073,12808461,3713174
16/0126,1111,őszi búza,U7H67714,143,138.27,5420,5.4,749.4,57871789,46037966,4218399,5275434,5825621,6358360,47186821,36857413,10684968
16/0126,1111,őszi búza,UE5L6F14,49,51.41,5450,5.5,280.2,21636338,17212065,1577119,1972310,2178006,2377179,17641584,13779762,3994754
16/0126,1111,őszi búza,UM5LR814,8,84.3,4120,4.1,347.3,26820351,21336033,1954993,2444870,2699851,2946746,21868463,17081358,4951887
16/0126,1111,őszi búza,UN17DD14,60,42.39,4630,4.6,196.3,15155982,12056834,1104752,1381578,1525666,1665184,12357707,9652549,2798275
16/0126,1111,őszi búza,UN36RT14,11,76.71,5230,5.2,401.2,30980850,24645779,2258261,2824130,3118665,3403859,25260803,19731099,5720048
16/0126,1111,őszi búza,UPQD4214,144,48.43,3650,3.7,176.8,13650451,10859159,995011,1244338,1374113,1499772,11130145,8693706,2520306
16/0220,1311,napraforgó,U06MKF14,49,30.62,3600,3.6,110.2,17476936,0,1174325,577935,940219,2025078,8680729,14631395,8796207
16/0220,1311,napraforgó,U1A7K714,5,3.56,3600,3.6,12.8,2031936,0,136532,67193,109314,235443,1009255,1701103,1022681
16/0220,1311,napraforgó,ULJ7HX14,14,5,3600,3.6,18,2853843,0,191758,94372,153530,330679,1417493,2389189,1436350
16/0220,1312,repce,UHJ7KV13,21,8.18,2700,2.7,22.1,10972800,8731200,1212000,508800,1249455,511718,5716929,7908144,5255871
16/0243,1113,őszi árpa,U1MP9Q14,3,9.49,6200,6.2,58.8,4069225,2983409,375161,589316,232509,453232,2955193,2696408,1114032
16/0243,1113,őszi árpa,U1Q39714,4,5.98,6000,6,35.9,2481454,1819313,228777,359371,141786,276385,1802106,1644296,679348
16/0243,1113,őszi árpa,U2TN3P14,6,3.1,7400,7.4,22.9,1586526,1163184,146269,229765,90651,176708,1152183,1051286,434343
16/0243,1113,őszi árpa,U5TH9U14,11,7.54,6300,6.3,47.5,3285230,2408612,302881,475776,187713,365910,2385832,2176905,899398
16/0243,1113,őszi árpa,U87V3J14,18,2.56,6400,6.4,16.4,1133114,830759,104467,164101,64744,126207,822902,750840,310213
16/0243,1113,őszi árpa,UELN3V14,19,69.71,6700,6.7,467.1,32301577,23682351,2978033,4678002,1845659,3597761,23458371,21404127,8843207
16/0243,1113,őszi árpa,UHA83814,7,4.21,7600,7.6,32,2212838,1622373,204012,320469,126438,246467,1607029,1466302,605809
16/0243,1311,napraforgó,U8W23D14,15,3.22,3800,3.8,12.2,2935288,2356167,231483,330690,248018,213591,1762990,2050692,1172298
16/0243,1311,napraforgó,U8YF3V14,17,2.71,3700,3.7,10,2405372,1930802,189693,270990,203242,175031,1444712,1680475,960660
16/0243,1311,napraforgó,U96N3A14,23,27.3,3200,3.2,87.4,20956749,16822063,1652694,2360991,1770744,1524953,12587021,14641098,8369728
16/0243,1311,napraforgó,U9EV3R14,22,17.54,3800,3.8,66.7,15989117,12834526,1260936,1801337,1351003,1163475,9603367,11170541,6385750
16/0243,1311,napraforgó,UJA83914,13,6.75,3800,3.8,25.7,6153166,4939170,485252,693217,519913,447745,3695709,4298811,2457458
16/0243,1311,napraforgó,UQ2W8214,31,9.18,3800,3.8,34.9,8368306,6717272,659942,942775,707081,608934,5026164,5846383,3342143
17/1223,1121,kukorica,V03QEA13,35,5.1,10723,10.7,54.7,3173953,4065932,317430,274272,93935,267121,2271079,2199392,902874
17/1223,1121,kukorica,V0D4E113,51,5.1,10998,11,56.1,3255351,4170206,325571,281306,96344,273972,2329322,2255797,926029
17/1223,1111,őszi búza,V0L4E713,1,21.04,6346,6.3,133.5,8043510,6218639,469008,838693,454592,1223836,6415217,6275416,1628292
17/1223,1121,kukorica,V0T4EE13,52,6.54,13593,13.6,88.9,5159493,6609470,516005,445849,152698,434225,3691805,3575273,1467688
17/1223,1121,kukorica,V13QEC13,3,17.13,11806,11.8,202.2,11737459,15036049,1173874,1014273,347376,987829,8398580,8133479,3338879
17/1223,1111,őszi búza,V164EU13,4,13,7280,7.3,94.6,5701308,4407824,332437,594473,322218,867466,4547161,4448069,1154148
17/1223,1111,őszi búza,V164EU13,5,0.57,4869,4.9,2.8,167192,129260,9749,17433,9449,25439,133346,130440,33846
17/1223,1111,őszi búza,V1D4E213,32,10.76,7500,7.5,80.7,4861534,3758574,283470,506910,274757,739692,3877387,3792890,984147
17/1223,1121,kukorica,V1MAEH13,33,8.67,12501,12.5,108.4,6290393,8058189,629108,543574,186168,529402,4501006,4358931,1789388
17/1223,1111,őszi búza,V1MAEH13,6,1.61,6320,6.3,10.2,612975,473906,35742,63915,34643,93265,488887,478233,124088
17/1223,1121,kukorica,V1MAEH13,7,3.15,11250,11.3,35.4,2056729,2634733,205695,177729,60870,173095,1471664,1425211,585064
17/1223,1121,kukorica,V2XX2313,10,14.1,13836,13.8,195.1,11322534,14504517,1132377,978418,335097,952908,8101686,7845956,3220848
17/1223,1311,napraforgó,V34XEN13,53,18.9,4614,4.6,87.2,11090910,9745693,641813,590315,484946,957936,6218410,9155219,4872500
17/1223,1121,kukorica,V3D4E413,12,2.3,13820,13.8,31.8,1844802,2363249,184500,159415,54598,155259,1320023,1278357,524779
17/1223,1311,napraforgó,V3UACP13,14,1.57,4359,4.4,6.8,870391,764821,50368,46327,38057,75177,488007,718482,382383
17/1223,1121,kukorica,V4D4C313,31,4.63,11504,11.5,53.3,3091319,3960076,309166,267131,91489,260166,2211951,2142131,879368
17/1223,1111,őszi búza,V4MACJ13,20,4.9,5140,5.1,25.2,1517256,1173029,88469,158204,85750,230854,1210110,1183739,307147
17/1223,1311,napraforgó,V5FJCL13,36,17.67,4520,4.5,79.9,10157873,8925824,587819,540654,444149,877349,5695278,8385025,4462594
17/1223,1111,őszi búza,V5L40X13,40,52.3,6520,6.5,341,20542300,15881768,1197797,2141936,1160980,3125553,16383808,16026771,4158492
17/1223,1121,kukorica,VC52XL13,26,23,11336,11.3,260.7,15132184,19384798,1513383,1307622,447845,1273530,10827630,10485855,4304555
17/1223,1121,kukorica,VEJXEE13,56,3.9,12510,12.5,48.8,2831626,3627401,283193,244690,83804,238311,2026132,1962177,805494
17/1223,1121,kukorica,VFUAC313,18,10.2,12405,12.4,126.5,7343632,9407420,734443,634587,217339,618043,5254636,5088774,2088995
17/1223,1111,őszi búza,VFUAC313,19,0.909,7520,7.5,6.8,411795,318369,24011,42938,23273,62656,328433,321276,83362
17/2217,1121,kukorica,V03WFJ13,1,12.2,8700,8.7,106.1,7004409,3031822,616800,722685,291518,466554,4192912,4850149,2811496
17/2217,1121,kukorica,V09WFQ13,6,39.95,9400,9.4,375.5,24782039,10726779,2182278,2556906,1031410,1650699,14834788,17160132,9947251
17/2217,1121,kukorica,V0C3H113,7,46.9,11900,11.9,558.1,36830889,15942062,3243286,3800055,1532874,2453256,22047355,25503265,14783534
17/2217,1121,kukorica,V0C3H113,8,21.33,11100,11.1,236.8,15624504,6762986,1375876,1612070,650280,1040727,9352991,10819067,6271513
17/2217,1121,kukorica,VUNPHT13,58,95,11000,11,1045,68961816,29849769,6072698,7115188,2870138,4593454,41281264,47752077,27680552
17/2303,1311,napraforgó,V0D4DY13,34,23.6,3890,3.9,91.8,43907412,41430529,2504012,6070636,6094582,5378784,34215922,27909655,9691490
17/2303,1311,napraforgó,V0D4DY13,711,27.5,3890,3.9,107,51163298,48277100,2917810,7073835,7101737,6267651,39870248,32521844,11293049
17/2303,1311,napraforgó,V0D4DY13,713,22.2,3890,3.9,86.4,41302735,38972786,2355469,5710514,5733039,5059703,32186164,26253997,9116571
17/2303,1311,napraforgó,V0D4DY13,714,21.4,3890,3.9,83.2,39814348,37568361,2270587,5504730,5526443,4877372,31026302,25307907,8788046
17/2303,1121,kukorica,V1UFYD13,63,26.7,11030,11,294.5,59408136,57059296,4569766,6122526,4600903,4787511,37513110,41096409,21895026
17/2303,1121,kukorica,V1UFYD13,745,21.5,11030,11,237.1,47838012,45946624,3679774,4930124,3704847,3855112,30207186,33092614,17630826
17/2303,1113,őszi árpa,V2D4C113,615,0.3,8690,8.7,2.6,735797,792806,67793,130702,102365,84296,677285,394364,58512
17/2303,1113,őszi árpa,V2D4C113,90,27.1,8690,8.7,235.5,66467007,71616808,6124002,11806786,9246941,7614732,61181403,35624248,5285605
17/2303,1121,kukorica,V2VNYN13,100,27.2,8210,8.2,223.3,45047554,43266493,3465128,4642543,3488738,3630238,28445159,31162275,16602395
17/2303,1121,kukorica,V38JCA13,111,59.5,9560,9.6,568.8,114745063,110208349,8826368,11825479,8886508,9246936,72455466,79376502,42289597
17/2303,1121,kukorica,V3HVUD13,124,11,6540,6.5,71.9,14512077,13938308,1116291,1495596,1123898,1169482,9163613,10038932,5348465
17/2303,1121,kukorica,V3NNUC13,130,32,7540,7.5,241.3,48672144,46747777,3743937,5016089,3769447,3922332,30733896,33669636,17938248
17/2303,1121,kukorica,V3NNUC13,677,18.1,7660,7.7,138.6,27968328,26862534,2151367,2882380,2166026,2253878,17660526,19347482,10307801
17/2303,1121,kukorica,V3WVUT13,131,35.2,6710,6.7,236.2,47645768,45761982,3664986,4910312,3689958,3839620,30085794,32959627,17559974
17/2303,1121,kukorica,V3WVUT13,635,38,6710,6.7,255,51435773,49402139,3956519,5300905,3983478,4145044,32478982,35581415,18956790
17/2303,1121,kukorica,V42JC513,604,32,10810,10.8,345.9,69780620,67021680,5367633,7191501,5404207,5623396,44062788,48271720,25717832
17/2303,1121,kukorica,V42JC513,658,32,10550,10.6,337.6,68102270,65409688,5238532,7018533,5274226,5488143,43002998,47110698,25099272
17/2303,1121,kukorica,V42JC513,660,18.8,10550,10.6,198.3,40010084,38428192,3077638,4123388,3098608,3224284,25264261,27677535,14745822
17/2303,1121,kukorica,V4EFUX13,154,21,7660,7.7,160.9,32449441,31166476,2496061,3344198,2513069,2614996,20490113,22447354,11959327
17/2303,1113,őszi árpa,V52P3313,166,35.5,6320,6.3,224.4,63323147,68229364,5834339,11248330,8809565,7254558,58287549,33939237,5035598
17/2303,1121,kukorica,V564DX13,168,39.2,12680,12.7,497.1,100268490,96304140,7712808,10333542,7765360,8080316,63314272,69362130,36954218
17/2303,1311,napraforgó,V5K33Y13,177,25.3,3320,3.3,84,40173053,37906831,2291044,5554324,5576233,4921314,31305832,25535918,8867221
17/2303,1113,őszi árpa,V5MH3F13,180,20,6410,6.4,128.2,36183043,38986470,3333760,6427331,5033813,4145277,33305686,19392985,2877356
17/2303,1312,repce,V5VP3W13,187,39,4060,4.1,158.3,446816920,419409136,12392150,67427338,55230454,45590837,331969477,288179058,114847443
17/2303,1111,őszi búza,V6K33113,201,29.4,6500,6.5,191.1,53954261,43934007,3489017,9158414,5932446,5125356,44437984,32857525,9516277
17/2303,1111,őszi búza,V6K33113,203,10,6500,6.5,65,18351790,14943540,1186740,3115107,2017839,1743318,15114961,11176029,3236829
17/2303,1111,őszi búza,V6K33113,478,0.8,6500,6.5,5.2,1468143,1195483,94939,249209,161427,139465,1209197,894082,258946
17/2303,1311,napraforgó,V6WW3613,225,9.7,2810,2.8,27.3,13036298,12300901,743452,1802398,1809507,1596984,10158853,8286496,2877445
17/2303,1111,őszi búza,V7VP3Y13,244,21.5,6500,6.5,139.8,39456348,32128610,2551492,6697480,4338354,3748134,32497165,24028463,6959182
17/2303,1121,kukorica,V7WVY313,245,39,5150,5.2,200.9,40516413,38914502,3116585,4175570,3137821,3265088,25583982,28027795,14932431
17/2303,1121,kukorica,V7WVY313,639,3.9,5150,5.2,20.1,4051641,3891450,311659,417557,313782,326509,2558398,2802780,1493243
17/2303,1113,őszi árpa,VD2NX513,305,17.9,8240,8.2,147.5,41629127,44854512,3835540,7394739,5791476,4769203,38318686,22311917,3310441
17/2303,1111,őszi búza,VH64C813,169,18.1,8300,8.3,150.2,42415221,34537969,2742831,7199731,4663691,4029211,34934162,25830382,7481059
17/2303,1111,őszi búza,VH64C813,170,5.9,8300,8.3,49,13825956,11258233,894072,2346874,1520209,1313389,11387379,8419848,2438577
17/2303,1113,őszi árpa,VJ2JCK13,224,15,6800,6.8,102,28788380,31018877,2652445,5113789,4005061,3298114,26499064,15429676,2289316
17/2303,1311,napraforgó,VJ8JCR13,230,22.3,3720,3.7,83,39675649,37437486,2262677,5485553,5507190,4860381,30918217,25219744,8757431
17/2303,1121,kukorica,VN8JDX13,595,15,12420,12.4,186.3,37581318,36095453,2890813,3873082,2910510,3028558,23730624,25997402,13850694
17/2303,1121,kukorica,VN8JDX13,672,31.9,12420,12.4,396.2,79922936,76762996,6147796,8236755,6189685,6440733,50467126,55287809,29455810
17/2303,1111,őszi búza,VQ1AEL13,20,195,8100,8.1,1579.5,445948486,363128014,28837790,75697095,49033486,42362636,367293542,271577507,78654945
17/2303,1121,kukorica,VU8JD413,441,40,12450,12.5,498,100458918,96487039,7727456,10353167,7780108,8095662,63434517,69493861,37024400
17/2303,1121,kukorica,VU8JD413,451,16,12450,12.5,199.2,40183567,38594816,3090982,4141267,3112043,3238265,25373807,27797545,14809760
17/2303,1311,napraforgó,VY1H3N13,460,23,3670,3.7,84.4,40371058,38093667,2302336,5581700,5603717,4945570,31460132,25661779,8910926
17/2303,1311,napraforgó,VY3W3513,252,30,3670,3.7,110.1,52657902,49687391,3003047,7280479,7309196,6450744,41034955,33471886,11622947
17/2303,1111,őszi búza,VYR33113,287,23.9,5300,5.3,126.7,35763403,29121510,2312683,6070624,3932302,3397325,29455570,21779502,6307833
17/2410,1111,őszi búza,V03QXU13,21,92.47,8800,8.8,813.7,90232420,71860216,2375034,12399917,5337008,9938672,64337810,68371005,25894610
17/2410,1312,repce,V0L4XQ13,24,103.17,3935,3.9,406,61486238,52732082,2190250,5621450,4243564,5713958,37515653,47664014,23970585
17/2410,1113,őszi árpa,V1HQX913,1,18.64,7300,7.3,136.1,37663080,13898853,1044510,4203570,1244883,4092521,24226237,30638253,13436843
17/2410,1121,kukorica,V6QXXW13,42,25.9,11800,11.8,305.6,15010004,13063918,1233636,780946,362917,1163062,7799000,11645723,7211004
17/2410,1311,napraforgó,V7AXXJ13,61,27.9,3400,3.4,94.9,15491158,13152316,795344,1335562,1894892,1108126,9932925,11283088,5558233
17/2410,1311,napraforgó,VJ7HHU13,11,60.06,3800,3.8,228.2,37270883,31643758,1913555,3213290,4559008,2666090,23898077,27146497,13372806
17/2410,1121,kukorica,VJ7HHU13,12,40.39,12200,12.2,492.8,24200966,21063250,1989018,1259137,585139,1875231,12574503,18776661,11626464
17/2410,1121,kukorica,VJQXX813,38,102.03,10900,10.9,1112.1,54620216,47538566,4489102,2841801,1320626,4232290,28379943,42377864,26240272
17/2410,1121,kukorica,VJUHHF13,15,3.61,11300,11.3,40.8,2003478,1743722,164661,104238,48441,155241,1040981,1554427,962497
17/2410,1121,kukorica,VJUHHF13,16,4.96,11300,11.3,56,2752702,2395807,226238,143219,66556,213295,1430267,2135722,1322434
17/2410,1121,kukorica,VKVJWY13,54,32.96,10000,10,329.6,16187740,14088959,1330431,842222,391393,1254320,8410936,12559486,7776804
17/2410,1121,kukorica,VUT9HJ13,57,5.4,12800,12.8,69.1,3394711,2954578,279003,176621,82078,263042,1763847,2633834,1630864
17/2410,1111,őszi búza,VUUHHR13,26,9.12,6300,6.3,57.5,6371101,5073882,167696,875529,376834,701746,4542743,4827517,1828358
18/2119,1111,őszi búza,W3DCRP12,13,8.74,5900,5.9,51.6,3822816,2922645,257375,870513,236406,458260,2528020,2457801,1294797
18/2119,1111,őszi búza,W57KRT12,40,10.11,5500,5.5,55.6,4122245,3151566,277534,938698,254923,494154,2726031,2650313,1396214
18/2119,1111,őszi búza,W7VRPN12,19,12.45,5800,5.8,72.2,5353247,4092700,360413,1219015,331049,641721,3540090,3441761,1813157
18/2119,1111,őszi búza,W8LCP112,23,23.07,6100,6.1,140.7,10432716,7976089,702393,2375687,645168,1250622,6899132,6707502,3533585
18/2119,1121,kukorica,WK3YRH12,36,22.61,9840,9.8,222.5,26464911,17718800,2769000,4747167,1375000,2342407,18171308,13567717,8293603
18/2119,1312,repce,W08RRV12,4,49.57,3100,3.1,153.7,31361265,27324000,1180000,4197820,2768000,2595005,15030940,23211370,16330325
18/5052,1111,őszi búza,W3KADF12,90,5.27,5346,5.3,28.2,1645160,1183872,98051,252644,154278,179910,1347669,1102679,297491
18/5052,1111,őszi búza,W4DJKP12,40,19.2,5750,5.8,110.4,6446704,4639106,384222,990009,604551,704992,5280960,4320944,1165744
18/5052,1113,őszi árpa,W4TJDX12,155,10.26,4931,4.9,50.6,2632194,1885499,179223,400357,213021,289473,2119129,1771566,513065
18/5052,1113,őszi árpa,W4VXDE12,157,2.98,5057,5.1,15.1,784052,561634,53385,119254,63453,86225,631225,527696,152827
18/5052,1113,őszi árpa,W51QDD12,158,4.66,5810,5.8,27.1,1408632,1009034,95912,214253,113999,154913,1134063,948062,274569
18/5052,1111,őszi búza,W75AKC12,69,22.69,5539,5.5,125.7,7338960,5281181,437400,1127031,688224,802567,6011871,4918984,1327089
18/5052,1111,őszi búza,W75AKC12,70,36.4,5629,5.6,204.9,11964685,8609894,713092,1837396,1122010,1308423,9801136,8019405,2163550
18/5052,1113,őszi árpa,W75AKC12,71,13.66,3369,3.4,46,2394348,1715124,163028,364180,193772,263316,1927644,1611486,466704
18/5052,1111,őszi búza,W91QKP12,82,5.73,7660,7.7,43.9,2563020,1844372,152755,393599,240352,280284,2099555,1717880,463466
18/5052,1111,őszi búza,W9FXKC12,87,12.16,5537,5.5,67.3,3931667,2829263,234326,603779,368699,429955,3220712,2635224,710955
18/5052,1111,őszi búza,WA5AKF12,96,16.66,5330,5.3,88.8,5185264,3731362,309040,796292,486258,567045,4247623,3475455,937641
18/5052,1111,őszi búza,WD5AKJ12,110,27.26,3240,3.2,88.3,5157503,3711385,307386,792029,483654,564009,4224882,3456849,932621
18/5052,1113,őszi árpa,WDUQKM12,113,16.7,5107,5.1,85.3,4437290,3178529,302130,674912,359106,487987,3572378,2986464,864912
18/5052,1111,őszi búza,WKA4KN12,135,7.8,4934,4.9,38.5,2247307,1617182,133939,345115,210745,245759,1840931,1506272,406376
18/5052,1113,őszi árpa,WPRAC812,122,12.18,4538,4.5,55.3,2875725,2059945,195805,437398,232730,316255,2315191,1935471,560533
18/5052,1111,őszi búza,WQW25X12,151,25.1,3380,3.4,84.8,4954035,3564968,295259,760782,464574,541759,4058207,3320473,895828
18/5052,1111,őszi búza,WTCF5V12,204,15.84,5961,6,94.4,5513698,3967706,328615,846729,517057,602962,4516667,3695590,997031
18/5052,1111,őszi búza,WTCF5V12,79,11.13,5122,5.1,57,3328920,2395521,198403,511216,312176,364041,2726958,2231230,601962
18/5052,1111,őszi búza,WXX4KN12,137,7.48,4820,4.8,36.1,2105316,1515004,125476,323310,197430,230231,1724616,1411101,380700
18/5052,1111,őszi búza,WY1QKD12,138,8.7,5048,5,43.9,2564527,1845456,152845,393830,240493,280449,2100789,1718890,463738
18/5052,1111,őszi búza,WYA4K312,63,3.74,2840,2.8,10.6,620238,446329,36966,95249,58164,67827,508082,415719,112156
18/5052,1111,őszi búza,WYFXK212,62,5.1,3630,3.6,18.5,1081049,777933,64430,166015,101377,118220,885565,724580,195484
18/5052,1113,őszi árpa,WYJ4K912,75,11.85,7397,7.4,87.7,4560469,3266765,310517,693647,369074,501533,3671546,3069367,888922
18/5052,1311,napraforgó,W0A4K312,3,7,2047,2,14.3,3600468,1584866,175182,258168,320184,227546,1895096,2796205,1705373
18/5052,1121,kukorica,W0UQK712,5,6.2,8880,8.9,55.1,2762669,2233355,335750,237019,119884,277616,2115689,1753447,646980
18/5052,1121,kukorica,W1KAKK12,13,1.21,9780,9.8,11.8,593811,480040,72167,50945,25768,59671,454749,376888,139063
18/5052,1121,kukorica,W1Q4KJ12,15,10.9,3860,3.9,42.1,2111242,1706738,256582,181131,91616,212155,1616817,1339991,494425
18/5052,1121,kukorica,W26JKE12,18,2.35,9750,9.8,22.9,1149732,929449,139728,98640,49892,115535,880480,729727,269252
18/5052,1311,napraforgó,W31QKH12,31,2.8,2510,2.5,7,1765936,777335,85922,126625,157042,111605,929495,1371465,836441
18/5052,1121,kukorica,W3DJDH12,146,26.64,9850,9.9,262.4,13167237,10644460,1600229,1129665,571384,1323155,10083644,8357154,3083592
18/5052,1121,kukorica,W3KADF12,89,9.62,9960,10,95.8,4807935,3886759,584314,412490,208637,483142,3681981,3051563,1125955
18/5052,1121,kukorica,W3Q4KL12,159,6.59,5850,5.9,38.6,1934485,1563848,235100,165966,83946,194393,1481455,1227805,453031
18/5052,1121,kukorica,W3YADV12,217,32.4,5510,5.5,178.5,8958201,7241854,1088700,768556,388735,900196,6860309,5685708,2097892
18/5052,1121,kukorica,W42XKR12,37,6.5,9140,9.1,59.4,2981149,2409976,362303,255764,129365,299571,2283004,1892115,698146
18/5052,1311,napraforgó,W4DJKP12,232,7.8,2403,2.4,18.7,4709681,2073123,229151,337703,418825,297647,2478926,3657644,2230754
18/5052,1312,repce,W4EQDR12,152,13.6,3764,3.8,51.2,7619315,6595565,292530,913138,676151,536599,4255898,5641484,3363417
18/5052,1311,napraforgó,W4KADH12,174,8.42,1200,1.2,10.1,2538846,1117558,123528,182045,225776,160452,1336314,1971725,1202532
18/5052,1121,kukorica,W56JKJ12,48,16.14,9820,9.8,158.5,7953151,6429366,966556,682329,345122,799200,6090628,5047810,1862522
18/5052,1121,kukorica,W644K312,55,20.31,6290,6.3,127.7,6410395,5182195,779063,549971,278175,644171,4909165,4068633,1501229
18/5052,1311,napraforgó,W6VXKN12,65,8.54,1980,2,16.9,4248799,1870250,206727,304656,377839,268520,2236342,3299713,2012456
18/5052,1121,kukorica,WADJKW12,98,27.44,9850,9.9,270.3,13562649,10964113,1648284,1163588,588543,1362890,10386457,8608120,3176193
18/5052,1312,repce,WD1QKT12,256,7.41,4607,4.6,34.1,5081171,4398453,195083,608954,450911,357848,2838175,3762195,2242997
18/5052,1311,napraforgó,WDQ4KW12,170,10.2,1270,1.3,13,3254970,1432783,158372,233394,289460,205711,1713244,2527883,1541726
18/5052,1311,napraforgó,WFKAK112,115,20.2,3706,3.7,74.9,18810480,8280059,915230,1348786,1672788,1188803,9900840,14608644,8909641
18/5052,1311,napraforgó,WJX4K812,131,8.84,3137,3.1,27.7,6968028,3067209,339032,499635,619656,440372,3667601,5411528,3300427
18/5052,1312,repce,WLYAKK12,147,26.47,3131,3.1,82.9,12335718,10678261,473608,1478376,1094692,868758,6890325,9133597,5445393
18/5052,1312,repce,WM1QK212,148,3.57,2100,2.1,7.5,1115873,965942,42842,133732,99024,78587,623290,826214,492583
18/5052,1121,kukorica,WQUV5P12,169,20.37,9270,9.3,188.8,9475343,7659915,1151549,812924,411177,952163,7256344,6013935,2219000
18/5052,1121,kukorica,WTCF5V12,80,8.02,6920,6.9,55.5,2784868,2251301,338448,238924,120848,279847,2132689,1767537,652179
18/5052,1121,kukorica,WTUV5R12,83,4.19,9820,9.8,41.1,2064666,1669086,250921,177135,89595,207475,1581148,1310429,483517
18/5052,1312,repce,WUDJKE12,223,2.4,3640,3.6,8.7,1300289,1125579,49922,155833,115390,91574,726299,962759,573991
18/5052,1121,kukorica,WW7QKJ12,123,7.14,5900,5.9,42.1,2113851,1708848,256899,181355,91729,212418,1618815,1341647,495036
18/5052,1311,napraforgó,WXVXKE12,132,2.6,3794,3.8,9.9,2478642,1091057,120599,177728,220422,156648,1304626,1924969,1174016
18/5052,1121,kukorica,WYRAKQ12,145,12.3,12162,12.2,149.6,7506445,6068247,912267,644005,325737,754311,5748535,4764289,1757910
18/5111,1113,őszi árpa,W1W3MQ12,8,9.6,3800,3.8,36.5,7420542,4102885,437996,1340998,1085858,1622915,7553438,4555690,132895
18/5111,1113,őszi árpa,W2DPMV12,3,27.77,3900,3.9,108.3,22030345,12180776,1300338,3981199,3223730,4818161,22424889,13525078,394544
18/5111,1111,őszi búza,W6CHMR12,73,11.07,3500,3.5,38.7,5343790,3566103,332396,860211,696675,895862,4457136,3454509,886654
18/5111,1121,kukorica,W95HKL12,78,3.8,7600,7.6,28.9,1835028,367467,164735,232648,78028,186495,1224889,1119398,610139
18/5111,1111,őszi búza,W9Q9KY12,88,16.88,3500,3.5,59.1,8148435,5437744,506851,1311685,1062320,1366048,6796428,5267580,1352007
18/5111,1113,őszi árpa,WA1WMY12,120,9.49,4000,4,38,7721595,4269339,455766,1395403,1129912,1688756,7859882,4740515,138287
18/5111,1111,őszi búza,WAA9MN12,44,7.85,3600,3.6,28.3,3897677,2601060,242444,627424,508144,653428,3250966,2519665,646711
18/5111,1111,őszi búza,WAP3MU12,62,28.43,3450,3.5,98.1,13527878,9027640,841464,2177635,1763643,2267888,11283302,8745136,2244576
18/5111,1121,kukorica,WCCHKV12,70,3.6,7500,7.5,27,1715573,343546,154011,217503,72949,174355,1145152,1046528,570421
18/5111,1111,őszi búza,WCDPK412,17,9,4000,4,36,4965194,3313453,308846,799266,647317,832392,4141358,3209764,823836
18/5111,1121,kukorica,WNUWK312,24,26.58,7800,7.8,207.3,13173315,2637974,1182600,1670134,560148,1338814,8793242,8035941,4380073
18/5111,1121,kukorica,WT33KM12,85,10.09,6800,6.8,68.6,4359589,873014,391371,552716,185376,443068,2910044,2659422,1449546
18/5138,1121,kukorica,W0A4R912,1,17.54,8900,8.9,156.1,6685990,5400719,674001,395014,288858,732375,4384933,4484359,2301057
18/5138,1312,repce,W0CARJ12,2,28.5,3000,3,85.5,12360445,10091200,782000,1590150,1139000,1419938,7432356,8810588,4928089
18/5138,1111,őszi búza,W0CARJ12,3,18.48,5500,5.5,101.6,11356073,8944165,578200,1775817,180890,1399470,6417783,8787972,4938290
18/5138,1311,napraforgó,WF1QP112,8,2.08,3100,3.1,6.4,849247,693338,58400,46703,89110,93351,475002,652534,374245
18/5138,1311,napraforgó,WHA4PQ12,11,2,2900,2.9,5.8,763901,623660,52531,42010,80154,83969,427266,586957,336635
18/5138,1311,napraforgó,WHCAPY12,12,4.1,2800,2.8,11.5,1511997,1234416,103975,83151,158650,166201,845692,1161770,666305
18/5138,1311,napraforgó,WJ6JP212,18,4.29,3000,3,12.9,1695070,1383879,116564,93219,177860,186325,948088,1302437,746981
18/5138,1121,kukorica,WJA4PR12,20,12,9000,9,108,4625620,3736421,466299,273286,199842,506685,3033662,3102448,1591958
18/5138,1311,napraforgó,WWDJPM12,23,3.54,3100,3.1,11,1445353,1180007,99392,79486,151658,158876,808416,1110563,636937
18/5138,1311,napraforgó,WX0JP812,24,8.09,2800,2.8,22.7,2983428,2435714,205159,164071,313044,327944,1668694,2292370,1314734
18/5138,1311,napraforgó,WY1QPJ12,13,3.1,3000,3,9.3,1224876,1000006,84230,67361,128523,134641,685099,941155,539777
18/5138,1111,őszi búza,WY1QPJ12,14,13.65,5500,5.5,75.1,8388008,6606485,427080,1311683,133612,1033700,4740408,6491116,3647600
18/5141,1121,kukorica,W292YF12,16,11.17,12100,12.1,135.2,9421093,8381043,859487,1145982,210097,646175,5559504,5924767,3861589
18/5141,1121,kukorica,W2YHH412,38,2.3,12000,12,27.6,1923853,1711467,175513,234018,42903,131954,1135289,1209879,788563
19/3281,1113,őszi árpa,X1Q0QL12,6,37.41,5000,5,187.1,7892405,5400000,604795,1040533,1068393,1585650,7572931,5064564,319474
19/3281,1121,kukorica,X2MLQ512,10,5.83,8500,8.5,49.6,7618400,1050000,670729,971470,527154,1441750,5836548,5386047,1781852
19/3281,1111,őszi búza,XD7RL412,19,26.55,5200,5.2,138.1,13450871,10000000,804062,2163678,1643092,1265850,11067367,8654589,2383504
19/3281,1312,repce,XD7RL412,35,26.86,3550,3.6,95.4,9878130,8094081,482704,1239743,1237331,1694698,7639479,6735081,2238650
19/3281,1312,repce,XFJ5KU12,47,7,3570,3.6,25,2588848,2121287,126506,324910,324278,444144,2002146,1765122,586703
19/3281,1312,repce,XK5CKR12,29,5.84,3600,3.6,21,2177989,1784631,106429,273346,272814,373657,1684398,1484991,493591
19/3281,1311,napraforgó,XQC6Q512,2,53.53,2860,2.9,153.1,20258384,16692000,1049000,2197529,2289318,3756520,14834298,14463297,5424086
19/3382,1113,őszi árpa,X55J1Y12,5,2.2,7500,7.5,16.5,778484,592718,48400,35727,68200,113632,431740,624640,346744
19/3382,1113,őszi árpa,XKH41A12,17,13.25,7500,7.5,99.4,4688596,3569782,291500,215173,410750,684377,2600250,3762036,2088346
19/3391,1111,őszi búza,X0574L12,38,13,7100,7.1,92.3,10687451,8454507,641828,1670063,1012159,1067921,5685392,7343066,5002059
19/3391,1113,őszi árpa,X2TE4J12,8,14.75,5200,5.2,76.7,3496121,2496000,217800,588000,315000,491292,2066648,2367831,1429473
19/3391,1111,őszi búza,X9FYYU12,17,19.51,7000,7,136.6,15813491,12509557,949669,2471078,1497623,1580129,8412286,10865033,7401205
19/3391,1311,napraforgó,X9MRYT12,20,5.35,3600,3.6,19.3,4984145,4414752,189204,116142,189839,409412,1884921,4360112,3099224
19/3391,1121,kukorica,XDEM4P12,37,20.5,10840,10.8,222.2,12483448,17455824,882320,458383,314577,1121180,5684605,10019568,6798843
19/3391,1121,kukorica,XJY74Y12,51,13.89,11200,11.2,155.6,8739200,12220176,617680,320897,220223,784896,3979582,7014329,4759618
19/3391,1311,napraforgó,XK414X12,1,16.63,3800,3.8,63.2,16353482,14485248,620796,381074,622882,1343320,6184614,14305965,10168868
19/3391,1111,őszi búza,XL2YYQ12,10,8.35,7200,7.2,60.1,6961317,5506880,418057,1087803,659274,695595,3703205,4782937,3258112
19/3391,1111,őszi búza,XNLDRK12,9,11.7,7100,7.1,83.1,9618706,7609057,577645,1503057,910943,961129,5116853,6608759,4501853
19/3504,1111,őszi búza,X05J2U12,24,7.38,5900,5.9,43.5,3052584,2400280,218262,526539,326353,389995,2055769,1963553,996815
19/3504,1111,őszi búza,X0W41512,28,14.77,5700,5.7,84.2,5902209,4640971,422012,1018070,631008,754059,3974855,3796554,1927354
19/3504,1121,kukorica,X5KJ0C12,77,6.25,7800,7.8,48.8,2869684,3793646,229232,204663,253793,298595,1655185,2167600,1214499
19/3504,1311,napraforgó,X6RJ1M12,115,36.37,2100,2.1,76.4,12880169,10406273,742610,1804641,1243871,1560533,8089700,9022051,4790469
19/3504,1111,őszi búza,X6W40A12,110,8.45,5800,5.8,49,3435927,2701707,245671,592662,367337,438970,2313932,2210136,1121995
19/3504,1111,őszi búza,X95J0312,14,48.09,5400,5.4,259.7,18205716,14315352,1301721,3140298,1946383,2325941,12260678,11710699,5945038
19/3504,1121,kukorica,XNRJ2512,3,29.93,8900,8.9,266.4,15680366,20729025,1252558,1118310,1386760,1631564,9044171,11844078,6636196
19/3504,1121,kukorica,XNXA2412,112,24.87,8040,8,200,11770402,15560158,940227,839455,1040966,1224727,6788969,8890708,4981433
19/3504,1311,napraforgó,XPCJ2R12,35,4.99,2300,2.3,11.5,1935474,1563727,111590,271179,186914,234498,1215621,1355723,719853
19/3504,1111,őszi búza,XV6Q2Y12,103,10.42,5600,5.6,58.4,4090863,3216690,292499,705632,437356,522644,2755001,2631419,1335863
19/3504,1121,kukorica,XVDQ2612,16,21.2,8200,8.2,173.8,10233146,13527946,817430,729819,905012,1064773,5902306,7729550,4330840
19/3504,1121,kukorica,XVEX2E12,36,6.61,8500,8.5,56.2,3307348,4372225,264193,235877,292499,344134,1907622,2498187,1399725
19/3504,1312,repce,XV342812,6,31.01,3700,3.7,114.7,34623896,35096000,1260000,2737000,2775070,2864923,16165927,27713215,18457969
19/3673,1111,őszi búza,X3LD7E12,18,2,5200,5.2,10.4,738834,540981,54553,152977,82854,79995,582162,439281,156671
19/3673,1113,őszi árpa,X4R67E12,20,4,5400,5.4,21.6,1186556,881070,73244,179886,116275,151876,795538,802856,391018
19/3673,1113,őszi árpa,X4TD7N12,21,19.87,5500,5.5,109.3,6003371,4457764,370579,910132,588294,768415,4025018,4062045,1978354
19/3673,1111,őszi búza,XHDD7M12,17,11.75,5100,5.1,59.9,4257175,3117144,314337,881457,477408,460931,3354431,2531145,902744
19/3673,1113,őszi árpa,XHK67L12,14,1.5,5400,5.4,8.1,444959,330401,27467,67457,43603,56953,298327,301071,146632
19/3673,1121,kukorica,XHK67L12,15,19.65,11500,11.5,226,17222396,14800000,1960200,1839485,598950,1115606,10973426,10272530,6248970
19/3673,1111,őszi búza,XHY67112,19,22.1,5000,5,110.5,7850110,5747925,579629,1625381,880326,849944,6185476,4667359,1664634
19/3673,1113,őszi árpa,XJLD7V12,12,6.5,5600,5.6,36.4,1999567,1484766,123430,303141,195945,255939,1340629,1352962,658938
19/3676,1111,őszi búza,X4A0P812,45,3.98,5100,5.1,20.3,1032895,713354,90219,188710,132486,178296,1035613,609282,2718
19/3676,1111,őszi búza,X5J0PH12,48,15.35,5000,5,76.8,3905541,2697304,341133,713542,500949,674168,3915819,2303794,10278
19/3676,1111,őszi búza,X61LPM12,37,15.87,5150,5.2,81.7,4158981,2872339,363270,759845,533457,717916,4169926,2453293,10945
19/3676,1111,őszi búza,X6NTPH12,91,3.02,4900,4.9,14.8,753019,520061,65773,137576,96587,129985,755000,444189,1982
19/3676,1113,őszi árpa,XAFTMC12,84,9.02,5090,5.1,45.9,2550204,1918156,227624,338401,199171,358471,1742669,1765170,807535
19/3676,1111,őszi búza,XATDM912,107,1.21,5200,5.2,6.3,320178,221126,27966,58496,41068,55269,321021,188866,843
19/3676,1113,őszi árpa,XF56PM12,44,6.16,5120,5.1,31.5,1751868,1317681,156367,232466,136821,246252,1197130,1212587,554738
19/3676,1113,őszi árpa,XF7LP412,40,4.68,4900,4.9,22.9,1273775,958080,113694,169025,99482,179049,870427,881666,403347
19/3676,1113,őszi árpa,XPK6P912,80,3.52,5000,5,17.6,977605,735313,87258,129724,76351,137418,668041,676667,309564
19/3676,1113,őszi árpa,XQ1LP612,24,11.19,5030,5,56.3,3126430,2351569,279057,414864,244175,439468,2136430,2164015,990000
19/3676,1111,őszi búza,XQ1LP612,28,18.44,5040,5,92.9,4729271,3266202,413083,864037,606606,816359,4741717,2789695,12446
19/3676,1111,őszi búza,XQ7LPD12,17,33.63,5000,5,168.2,8556569,5909469,747382,1563284,1097520,1477020,8579087,5047335,22518
19/3676,1111,őszi búza,XQFTPU12,33,18.29,5080,5.1,92.9,4728030,3265344,412974,863810,606447,816144,4740472,2788962,12443
19/3676,1121,kukorica,X5DDPR12,9,43.79,9950,10,435.7,17125867,21200317,2221881,933190,577689,1810004,12724170,11305306,4401697
19/3676,1121,kukorica,X6NTPH12,76,1.37,10200,10.2,14,549257,679931,71260,29929,18528,58050,408086,362581,141170
19/3676,1121,kukorica,XQ1LP612,16,9.65,10300,10.3,99.4,3906781,4836251,506859,212881,131783,412901,2902659,2578985,1004122
19/3688,1113,őszi árpa,X1A4TD12,11,5,5500,5.5,27.5,1441638,523370,76391,168228,94943,151713,1098616,1102075,343022
19/3688,1113,őszi árpa,XJVXT912,6,4.2,5500,5.5,23.1,1210976,439630,64169,141312,79753,127439,922837,925743,288139
19/3691,1111,őszi búza,X0KARR12,18,30.65,5200,5.2,159.4,12725556,7904414,807638,2115024,967536,1727079,8851332,8780242,3874224
19/3691,1111,őszi búza,X0RAT112,25,21.81,4900,4.9,106.9,8532861,5300144,541545,1418186,648761,1158057,5935080,5887412,2597781
19/3691,1121,kukorica,X11QTP12,7,12.77,9700,9.7,123.9,7268158,6169695,396579,501604,192775,623713,4134955,5116429,3133203
19/3691,1121,kukorica,X1LJT312,16,10.57,9400,9.4,99.4,5829947,4948846,318105,402348,154629,500293,3316737,4103998,2513210
19/3691,1311,napraforgó,X744QA12,26,10.29,3200,3.2,32.9,5133570,2625000,224000,455320,469000,563734,2437875,3894393,2695695
19/3691,1121,kukorica,XCEQQD12,24,6.06,9500,9.5,57.6,3377987,2867459,184316,233128,89595,289880,1921783,2377938,1456204
19/3691,1111,őszi búza,XQDJQJ12,27,16.4,5200,5.2,85.3,6809106,4229442,432145,1131693,517703,924114,4736112,4698074,2072994
19/3691,1312,repce,X0EQT312,3,4,3900,3.9,15.6,2011615,1741315,39461,240707,86648,180707,832760,1618576,1178854
19/3691,1312,repce,X0KARR12,4,23.8,3800,3.8,90.4,11662206,10095162,228775,1395482,502337,1047635,4827874,9383592,6834333
19/3691,1312,repce,XQ8XQT12,28,7.13,3990,4,28.4,3668450,3175522,71963,438961,158015,329543,1518650,2951692,2149800
19/3693,1111,őszi búza,X07X2A12,60,6.6,6200,6.2,40.9,1060449,790071,88560,319759,86487,119658,939712,527048,120736
19/3693,1111,őszi búza,X4RJ2L12,38,20.27,5800,5.8,117.6,3046742,2269929,254440,918691,248483,343785,2699859,1514247,346884
19/3693,1121,kukorica,X7940Q12,66,11.42,9200,9.2,105.1,1634693,1372403,156093,291027,74144,118618,1375227,810144,259467
19/3693,1121,kukorica,XP1X2U12,20,8.5,9400,9.4,79.9,1243166,1043697,118707,221323,56386,90207,1045844,616105,197321
19/3693,1311,napraforgó,XPCJ2R12,21,6.2,2200,2.2,13.6,2900300,2413000,188500,474900,518375,151043,2212458,1638291,687842
20/4338,1111,őszi búza,Y5MEN212,68,38.35,8530,8.5,327.1,31334549,24279422,1869722,5187407,3491903,3755034,25790730,20186213,5543819
20/4338,1111,őszi búza,Y6R1NT12,24,51.33,8890,8.9,456.3,43710127,33868578,2608168,7236173,4871031,5238085,35976778,28158757,7733349
20/4338,1311,napraforgó,Y5L7NT12,97,9.91,3200,3.2,31.7,11290964,6896516,464668,1422757,1379060,932535,7792547,7849399,3498417
20/4338,1121,kukorica,Y5R1NR12,16,4.98,9000,9,44.8,2343896,1820030,197184,357592,153826,130598,1893835,1478462,450061
20/4338,1121,kukorica,Y63UNX12,17,13.02,9200,9.2,119.8,6264195,4864135,526985,955686,411109,349029,5061382,3951273,1202813
20/4338,1121,kukorica,Y6T7KX12,25,12.94,9000,9,116.5,6090364,4729156,512361,929165,399700,339344,4920929,3841625,1169435
20/4338,1113,őszi árpa,YCY6E412,45,47.58,5240,5.2,249.3,20842463,13384442,1684454,4851157,2937039,3065315,21843350,10940284,1000887
20/4338,1121,kukorica,YE40E412,53,18.05,9300,9.3,167.9,8778627,6816587,738515,1339296,576127,489129,7093008,5537304,1685619
20/4338,1121,kukorica,YFHUKJ12,55,21.54,9000,9,193.9,10138055,7872180,852879,1546694,665344,564874,8191407,6394792,1946648
20/4338,1121,kukorica,YFHUKJ12,93,2.79,9100,9.1,25.4,1327737,1030985,111698,202564,87137,73979,1072793,837498,254944
20/4338,1121,kukorica,YMUENQ12,85,2.02,8900,8.9,18,940173,730043,79093,143436,61702,52385,759647,593034,180526
20/4338,1311,napraforgó,YQFWW612,1,15.2,3100,3.1,47.1,16776937,10247346,690438,2114035,2049107,1385628,11578734,11663208,5198203
20/4338,1121,kukorica,YR5LJ712,59,12.27,9100,9.1,111.7,5839187,4534117,491230,890845,383216,325349,4717982,3683190,1121205
20/4338,1121,kukorica,YTMENP12,42,12.4,8900,8.9,110.4,5771360,4481449,485524,880497,378765,321570,4663178,3640407,1108181
20/4338,1121,kukorica,YTPUN612,95,8.35,9100,9.1,76,3973693,3085565,334293,606239,260787,221407,3210689,2506491,763004
20/4338,1121,kukorica,YTUENW12,38,9.65,9100,9.1,87.8,4592352,3565952,386338,700624,301388,255877,3710556,2896723,881796
20/4338,1113,őszi árpa,YUEEKE12,62,29.73,4890,4.9,145.4,12153380,7804558,982216,2828743,1712607,1787406,12737004,6379353,583624
20/4338,1121,kukorica,YUT7KL12,63,5.07,9200,9.2,46.6,2439283,1894099,205208,372145,160086,135912,1970907,1538629,468376
20/4338,1121,kukorica,YY36JX12,65,4.79,9300,9.3,44.5,2329619,1808945,195983,355414,152889,129802,1882300,1469456,447319
20/4338,1311,napraforgó,YY463J12,61,12.72,3200,3.2,40.7,14492539,8852037,596426,1826182,1770095,1196957,10002139,10075111,4490400
20/4347,1121,kukorica,Y8R6HV12,5,3.71,8000,8,29.7,1778370,1471313,110481,165703,73654,184103,1000361,1387600,778009
20/4347,1121,kukorica,Y98TH112,7,2.8,8100,8.1,22.7,1358943,1124305,84424,126622,56283,140683,764426,1060336,594517
20/4347,1121,kukorica,YAFTH812,11,1.72,8100,8.1,13.9,834779,690645,51861,77782,34574,86419,469576,651349,365203
20/4347,1121,kukorica,YHA5PU12,14,10.56,8000,8,84.5,5061883,4187888,314469,471651,209646,524024,2847387,3949611,2214495
20/4347,1121,kukorica,YW1LH612,10,1.27,8200,8.2,10.4,623987,516248,38765,58141,25843,64597,351003,486876,272985
20/4349,1312,repce,Y0A0JY12,1,10.85,3100,3.1,33.6,4872484,4151523,287771,787327,706638,624441,3409611,3043967,1462873
20/4349,1312,repce,Y20DJ412,5,10.6,3000,3,31.8,4606659,3925031,272071,744373,668087,590374,3223595,2877900,1383064
20/4349,1312,repce,Y27LJK12,61,1,3000,3,3,434590,370286,25667,70224,63027,55696,304113,271500,130478
20/4349,1312,repce,Y6X0EP12,46,9.2,3200,3.2,29.4,4264781,3633740,251880,689131,618505,546560,2984360,2664320,1280421
20/4349,1312,repce,YAJ0EE12,59,18.23,3100,3.1,56.5,8186671,6975324,483509,1322854,1187282,1049177,5728775,5114426,2457896
20/4349,1312,repce,YX8TEL12,75,33.95,3300,3.3,112,16229782,13828330,958539,2622512,2353745,2079955,11357091,10139166,4872691
20/4349,1312,repce,YXFTET12,50,10.03,3100,3.1,31.1,4504241,3837767,266023,727824,653233,577249,3151926,2813916,1352315
20/4349,1312,repce,YXTDEQ12,22,19.4,3100,3.1,60.1,8712091,7422999,514540,1407755,1263482,1116513,6096447,5442669,2615643
20/4350,1111,őszi búza,Y3Q0JH12,8,7,6200,6.2,43.4,2503488,1749099,158577,507475,388508,285708,1862692,1434701,640796
20/4350,1111,őszi búza,YC40CY12,37,2.83,6200,6.2,17.5,1012125,707136,64111,205165,157068,115508,753060,580029,259065
20/4350,1111,őszi búza,YE1JEK12,34,26.5,6100,6.1,161.7,9324629,6514788,590646,1890168,1447057,1064162,6937885,5343767,2386744
20/4350,1312,repce,YP6DFW12,42,2.7,3200,3.2,8.6,1122369,932239,62598,176755,161045,106564,777315,715851,345054
20/4350,1312,repce,YX0DEW12,10,13.7,3000,3,41.1,5339046,4434610,297776,840813,766080,506918,3697643,3405261,1641404
20/4350,1312,repce,YXK6E912,28,16.8,3200,3.2,53.8,6983629,5800600,389500,1099808,1002056,663063,4836625,4454181,2147004
20/4350,1312,repce,YYTDJV12,49,11.8,3300,3.3,38.9,5058454,4201551,282126,796624,725819,480277,3503314,3226298,1555140
20/4350,1111,őszi búza,YYY6FR12,44,15.7,6200,6.2,97.3,5614967,3922978,355666,1138193,871367,640801,4177752,3217830,1437214
20/4351,1121,kukorica,Y1R19812,137,11.27,11450,11.5,129,7705936,6171892,619770,1146329,288963,939699,5188373,5474624,2517563
20/4351,1121,kukorica,Y2ME9K12,52,12,10080,10.1,121,7223335,5785364,580956,1074537,270866,880848,4863440,5131764,2359896
20/4351,1121,kukorica,Y2WU9812,55,7.47,12070,12.1,90.2,5384233,4312378,433041,800954,201902,656579,3625180,3825188,1759053
20/4351,1121,kukorica,YAY18Q12,147,22.8,8730,8.7,199,11886256,9520023,955983,1768190,445719,1449468,8002964,8444500,3883292
20/4351,1121,kukorica,YC078Y12,27,11.95,7490,7.5,89.5,5344975,4280935,429884,795114,200430,651792,3598748,3797297,1746227
20/4351,1121,kukorica,YC3U8P12,134,20.73,9660,9.7,200.3,11958382,9577791,961784,1778919,448424,1458263,8051526,8495742,3906856
20/4351,1121,kukorica,YDFM7V12,15,8,9270,9.3,74.2,4428592,3546979,356181,658794,166066,540044,2981752,3146260,1446841
20/4351,1121,kukorica,YDT77T12,127,15,11770,11.8,176.6,10542988,8444163,847947,1568366,395348,1285663,7098547,7490186,3444441
20/4351,1121,kukorica,YNY16112,8,12.2,5580,5.6,68.1,4065276,3255989,326960,604747,152443,495739,2737132,2888144,1328144
20/4351,1121,kukorica,YXFM9H12,151,12,2370,2.4,28.4,1698344,1360249,136594,252644,63686,207104,1143487,1206575,554856
20/4352,1121,kukorica,Y08M4512,1,11.94,12200,12.2,145.7,12025969,0,792161,1068768,372542,909775,6930180,8560957,5095790
20/4352,1121,kukorica,Y08M5612,63,5.5,10100,10.1,55.6,4586063,0,302088,407571,142068,346939,2642801,3264692,1943262
20/4352,1121,kukorica,Y1Y15A12,10,10.7,10900,10.9,116.6,9628668,0,634248,855716,298278,728417,5548692,6854384,4079976
20/4352,1121,kukorica,YC1E8712,27,21.76,11700,11.7,254.6,21018450,0,1384503,1867945,651112,1590063,12112257,14962457,8906193
20/8114,1121,kukorica,Y107M112,72,27.95,9900,9.9,276.7,12911385,19351,810000,1277717,511409,1140975,7834780,8677892,5076605
20/8114,1121,kukorica,Y1R1ML12,7,16.6,10300,10.3,171,7978131,11957,500511,789520,316007,705025,4841223,5362194,3136907
20/8114,1121,kukorica,Y2PUMD12,16,36,10100,10.1,363.6,16966009,25428,1064368,1678965,672009,1499280,10295174,11403052,6670836
20/8114,1121,kukorica,Y351M212,76,11.5,10200,10.2,117.3,5473358,8203,343373,541646,216795,483679,3321298,3678707,2152060
20/8114,1121,kukorica,YD9UK812,85,30.8,12480,12.5,384.4,17935816,26881,1125209,1774937,710422,1584982,10883663,12054870,7052152
20/8114,1121,kukorica,YN59DN12,87,3.3,11000,11,36.3,1693801,2539,106261,167619,67090,149681,1027818,1138423,665983
20/8114,1121,kukorica,YQPY5Q12,27,11.33,10000,10,113.3,5286713,7923,331664,523176,209402,467185,3208039,3553261,2078674
20/8114,1121,kukorica,YY07MY12,42,15.3,10000,10,153,7139162,10700,447878,706495,282776,630885,4332127,4798314,2807035
20/8114,1121,kukorica,YY463J12,86,3.65,10500,10.5,38.3,1788290,2680,112189,176970,70833,158031,1085155,1201931,703135
20/8114,1121,kukorica,YYUEM212,73,2.77,10000,10,27.7,1292515,1937,81086,127908,51195,114219,784313,868714,508202
